URB_RUR,MIDGIS,OBJECTID,NOM_DPTO,COD_DPTO,TIPO_ADM,NOM_MUN,COD_MUN,COD_MUN4,MINDIST,known,Uni30,Carr30,Uni45,Carr45,Uni60,Carr60,Uni90,Carr90,Uni120,Carr120,Uni180,Carr180,UNI75,UNI105,UNI135,UNI150,UNI165
1,0,1,CHALATENANGO,4,MUNICIPIO,NUEVA CONCEPCION,16,416,3.06122374,46,0,0,1,6,2,26,2,26,31,517,38,517,2,26,31,35,37
1,1,2,CHALATENANGO,4,MUNICIPIO,AGUA CALIENTE,1,401,48.17068888,46,0,0,0,0,1,6,2,26,21,393,35,393,2,2,30,31,31
1,2,3,CHALATENANGO,4,MUNICIPIO,LA PALMA,12,412,31.23395691,46,0,0,1,6,1,6,2,26,16,298,32,298,2,2,26,26,31
1,3,4,CHALATENANGO,4,MUNICIPIO,SAN IGNACIO,25,425,34.18641561,46,0,0,1,6,1,6,2,26,15,291,31,291,1,2,25,26,30
1,4,5,CHALATENANGO,4,MUNICIPIO,CITALA,4,404,64.58232531,0,0,0,0,0,0,0,1,6,2,26,31,517,1,1,2,14,26
1,5,6,CHALATENANGO,4,MUNICIPIO,SAN FERNANDO,22,422,72.93095895,0,0,0,0,0,0,0,1,6,2,26,26,427,1,2,2,2,20
1,6,7,CHALATENANGO,4,MUNICIPIO,LA REINA,13,413,24.09597982,46,1,6,1,6,2,26,2,26,26,427,37,427,2,19,26,31,33
1,7,8,CHALATENANGO,4,MUNICIPIO,SAN FRANCISCO MORAZAN,24,424,32.1426573,0,0,0,1,6,2,26,2,26,16,298,31,517,2,2,26,26,31
1,8,9,CHALATENANGO,4,MUNICIPIO,TEJUTLA,33,433,16.34065128,46,1,6,2,26,2,26,16,298,26,427,38,427,2,26,30,31,37
1,9,10,CHALATENANGO,4,MUNICIPIO,DULCE NOMBRE DE MARIA,8,408,32.88782349,46,0,0,2,26,2,26,2,26,25,426,37,426,2,14,26,29,31
1,10,11,CHALATENANGO,4,MUNICIPIO,EL PARAISO,10,410,27.16394857,46,1,20,2,26,2,26,6,125,26,427,37,427,2,25,26,31,36
1,11,12,CHALATENANGO,4,MUNICIPIO,SAN RAFAEL,31,431,39.66930135,46,0,0,2,26,2,26,2,26,21,393,33,393,2,2,26,26,31
1,12,13,CHALATENANGO,4,MUNICIPIO,SANTA RITA,32,432,24.90280558,46,1,20,2,26,2,26,2,26,25,426,37,426,2,15,26,30,31
1,13,14,CHALATENANGO,4,MUNICIPIO,CONCEPCION QUEZALTEPEQUE,6,406,22.00042419,46,1,20,1,20,2,26,2,26,17,321,33,321,2,2,26,26,31
1,14,15,CHALATENANGO,4,MUNICIPIO,CHALATENANGO,7,407,14.48085175,46,1,20,1,20,2,26,2,26,21,393,33,393,2,2,26,26,33
1,15,16,CHALATENANGO,4,MUNICIPIO,NUEVA TRINIDAD,17,417,64.07791748,46,0,0,0,0,0,0,1,20,2,26,27,26,1,2,2,2,17
1,16,17,CHALATENANGO,4,MUNICIPIO,LAS VUELTAS,14,414,38.04552432,0,0,0,1,20,1,20,2,26,2,26,28,445,2,2,6,25,26
1,17,18,CHALATENANGO,4,MUNICIPIO,OJOS DE AGUA,18,418,43.31657511,46,0,0,1,20,1,20,2,26,2,26,28,26,1,2,2,21,26
1,18,19,CHALATENANGO,4,MUNICIPIO,SAN ISIDRO LABRADOR,26,426,29.86266627,0,1,20,1,20,1,20,2,26,2,26,37,597,2,2,20,28,28
1,19,20,CHALATENANGO,4,MUNICIPIO,CANCASQUE,27,427,51.29119466,46,0,0,0,0,1,20,2,26,3,33,29,33,1,2,4,16,28
1,20,21,CHALATENANGO,4,MUNICIPIO,POTONICO,19,419,49.92873128,0,0,0,0,0,1,20,2,26,4,44,29,449,1,2,4,23,28
1,21,22,CHALATENANGO,4,MUNICIPIO,SAN MIGUEL DE MERCEDES,30,430,22.24218162,0,1,20,1,20,2,26,2,26,6,125,33,535,2,2,25,28,29
1,22,23,CHALATENANGO,4,MUNICIPIO,SAN ANTONIO LOS RANCHOS,21,421,26.91642151,0,1,20,1,20,1,20,2,26,2,26,33,535,2,2,21,28,28
1,23,24,CHALATENANGO,4,MUNICIPIO,AZACUALPA,3,403,26.29314081,0,1,20,1,20,1,20,2,26,2,26,33,535,2,2,24,26,28
1,24,25,CHALATENANGO,4,MUNICIPIO,SAN LUIS DEL CARMEN,29,429,39.68980035,0,0,0,1,20,1,20,2,26,2,26,28,445,1,2,24,27,28
1,25,26,SANTA ANA,2,MUNICIPIO,METAPAN,7,207,80.61994019,46,0,0,0,0,0,0,5,90,7,116,35,116,0,6,12,14,35
1,26,27,SANTA ANA,2,MUNICIPIO,SAN ANTONIO PAJONAL,8,208,66.63636882,46,0,0,0,0,0,0,5,90,10,127,35,127,5,5,11,34,34
1,27,28,SANTA ANA,2,MUNICIPIO,SANTIAGO DE LA FRONTERA,12,212,58.51046357,0,0,0,0,0,1,7,5,90,10,127,34,533,5,10,16,33,34
1,28,29,SANTA ANA,2,MUNICIPIO,SANTA ROSA GUACHIPILIN,11,211,48.74093018,46,0,0,0,0,1,6,2,26,30,516,37,516,2,10,31,34,35
1,29,30,SANTA ANA,2,MUNICIPIO,MASAHUAT,6,206,63.01080322,46,0,0,0,0,0,0,5,90,12,153,35,153,5,7,17,35,35
1,30,31,SANTA ANA,2,MUNICIPIO,TEXISTEPEQUE,13,213,39.31005198,46,0,0,5,90,5,90,9,115,30,449,35,449,5,10,34,35,35
1,31,32,SANTA ANA,2,MUNICIPIO,CANDELARIA DE LA FRONTERA,1,201,28.14217834,46,1,7,5,90,5,90,10,127,33,527,35,527,10,16,33,33,34
1,32,33,SANTA ANA,2,MUNICIPIO,SANTA ANA,10,210,7.698268113,46,5,90,6,91,10,127,33,527,33,527,38,527,13,33,34,34,38
1,33,34,SANTA ANA,2,MUNICIPIO,COATEPEQUE,2,202,27.36755691,46,2,40,6,91,6,91,33,527,34,533,38,533,18,33,34,35,38
1,34,35,SANTA ANA,2,MUNICIPIO,EL PORVENIR,5,205,21.04269613,46,5,90,5,90,6,98,10,127,33,527,36,527,10,31,33,33,34
1,35,36,SANTA ANA,2,MUNICIPIO,SAN SEBASTIAN SALITRILLO,9,209,11.73433858,46,5,90,6,98,10,127,19,255,33,527,38,527,10,33,33,34,35
1,36,37,SANTA ANA,2,MUNICIPIO,CHALCHUAPA,3,203,22.10361875,46,5,90,6,98,6,98,10,127,33,527,36,527,10,29,33,33,34
1,37,38,SANTA ANA,2,MUNICIPIO,EL CONGO,4,204,34.24349187,46,0,0,6,91,8,107,33,527,33,527,38,527,30,33,33,35,38
1,38,39,SAN VICENTE,10,MUNICIPIO,APASTEPEQUE,1,1001,23.19053752,46,2,18,2,18,2,18,3,22,32,504,45,504,3,25,34,34,36
1,39,40,SAN VICENTE,10,MUNICIPIO,SAN SEBASTIAN,9,1009,26.13220673,46,2,18,2,18,2,18,26,422,27,423,44,423,16,26,33,40,44
1,40,41,SAN VICENTE,10,MUNICIPIO,VERAPAZ,13,1013,25.98412577,46,2,18,2,18,3,22,23,397,27,423,44,423,3,26,33,35,44
1,41,42,SAN VICENTE,10,MUNICIPIO,SANTO DOMINGO,5,1005,22.83839925,46,2,18,2,18,6,89,26,422,27,423,44,423,26,27,34,44,44
1,42,43,SAN VICENTE,10,MUNICIPIO,SAN LORENZO,8,1008,14.90967204,46,2,18,2,18,3,22,26,422,33,505,45,505,13,26,34,36,44
1,43,44,SAN VICENTE,10,MUNICIPIO,TEPETITAN,12,1012,20.36730347,0,2,18,2,18,3,22,20,360,26,422,44,683,3,26,33,34,43
1,44,45,SAN VICENTE,10,MUNICIPIO,SAN CAYETANO ISTEPEQUE,3,1003,7.937341987,46,2,18,2,18,3,22,25,419,33,505,45,505,4,26,34,35,44
1,45,46,SAN VICENTE,10,MUNICIPIO,GUADALUPE,2,1002,29.65892843,46,1,7,3,22,3,22,17,283,28,443,44,443,3,26,33,34,40
1,46,47,SAN VICENTE,10,MUNICIPIO,TECOLUCA,11,1011,32.81877848,46,0,0,1,4,3,22,5,43,27,440,34,440,3,5,32,34,34
1,47,48,SAN VICENTE,10,MUNICIPIO,SAN ILDEFONSO,7,1007,46.82533366,46,0,0,0,0,2,18,10,138,23,390,37,390,6,10,35,35,36
1,48,49,USULUTAN,11,MUNICIPIO,ESTANZUELAS,7,1107,67.711773,46,0,0,0,0,0,0,9,134,10,138,36,138,6,9,12,34,35
1,49,50,USULUTAN,11,MUNICIPIO,SAN AGUSTIN,15,1115,67.14202009,0,0,0,0,0,0,0,3,25,9,104,34,546,3,5,10,26,33
1,50,51,USULUTAN,11,MUNICIPIO,BERLIN,2,1102,75.94859484,46,0,0,0,0,0,0,8,100,10,138,35,138,0,9,10,25,35
1,51,52,USULUTAN,11,MUNICIPIO,NUEVA GRANADA,12,1112,72.1990615,0,0,0,0,0,0,0,7,116,9,134,35,566,3,9,11,11,24
1,52,53,USULUTAN,11,MUNICIPIO,EL TRIUNFO,5,1105,39.55546468,46,0,0,4,61,7,116,9,134,11,146,36,146,9,10,11,31,35
1,53,54,USULUTAN,11,MUNICIPIO,SAN BUENA VENTURA,16,1116,40.00022583,46,0,0,4,61,6,111,9,134,11,146,35,146,7,10,11,21,34
1,54,55,USULUTAN,11,MUNICIPIO,SANTIAGO DE MARIA,21,1121,44.12562663,46,0,0,2,21,4,64,9,134,10,138,35,138,7,10,11,11,29
1,55,56,USULUTAN,11,MUNICIPIO,JUCUAPA,9,1109,44.53821524,46,0,0,1,21,7,116,9,134,11,146,35,146,7,9,11,11,31
1,56,57,USULUTAN,11,MUNICIPIO,ALEGRIA,1,1101,55.46595968,46,0,0,0,0,2,21,9,134,10,138,35,138,8,9,11,29,35
1,57,58,CHALATENANGO,4,MUNICIPIO,SAN FRANCISCO LEMPA,23,423,32.79900987,0,0,0,1,20,1,20,2,26,23,420,34,539,2,2,25,28,28
1,58,59,CHALATENANGO,4,MUNICIPIO,SAN ANTONIO DE LA CRUZ,20,420,43.67580726,0,0,0,1,20,1,20,2,26,2,26,33,510,1,2,4,22,28
1,59,60,CHALATENANGO,4,MUNICIPIO,NOMBRE DE JESUS,15,415,54.23642578,46,0,0,0,0,1,20,1,20,2,26,33,26,1,2,4,4,26
1,60,61,CHALATENANGO,4,MUNICIPIO,LAS FLORES,28,428,39.82720326,0,0,0,1,20,1,20,2,26,2,26,28,445,1,2,2,24,28
1,61,62,CHALATENANGO,4,MUNICIPIO,ARCATAO,2,402,71.78988444,46,0,0,0,0,0,0,1,20,2,26,23,26,1,1,2,2,2
1,62,63,CHALATENANGO,4,MUNICIPIO,COMALAPA,5,405,37.07119141,46,0,0,1,20,1,20,2,26,2,26,31,26,2,2,17,26,26
1,63,64,CHALATENANGO,4,MUNICIPIO,LA LAGUNA,11,411,43.97118734,46,0,0,1,20,1,20,2,26,2,26,26,26,2,2,5,25,26
1,64,65,CHALATENANGO,4,MUNICIPIO,EL CARRIZAL,9,409,64.94639486,46,0,0,0,0,0,0,1,20,2,26,26,26,1,2,2,2,20
1,65,66,CUSCATLAN,7,MUNICIPIO,SUCHITOTO,15,715,69.17668254,46,0,0,0,0,0,0,25,426,28,445,38,445,14,26,31,37,37
1,66,67,CUSCATLAN,7,MUNICIPIO,TENANCINGO,16,716,70.37424472,0,0,0,0,0,0,0,25,418,29,449,43,649,15,25,29,29,37
1,67,68,CUSCATLAN,7,MUNICIPIO,SAN JOSE GUAYABAL,9,709,45.46149495,46,0,0,0,0,22,397,25,407,34,539,38,539,24,28,37,37,38
1,68,69,CUSCATLAN,7,MUNICIPIO,ORATORIO DE CONCEPCION,6,706,52.01154156,0,0,0,0,0,14,261,26,419,29,449,38,575,23,26,37,37,37
1,69,70,CUSCATLAN,7,MUNICIPIO,SAN BARTOLOME PERULAPIA,7,707,33.42809245,46,0,0,19,367,23,400,26,419,37,567,45,567,25,27,37,37,40
1,70,71,CUSCATLAN,7,MUNICIPIO,SAN PEDRO PERULAPAN,10,710,38.74257295,46,0,0,13,252,23,400,26,419,31,481,45,481,25,27,37,37,44
1,71,72,CUSCATLAN,7,MUNICIPIO,SANTA CRUZ MICHAPA,14,714,41.15255263,46,0,0,10,149,25,418,27,423,28,429,45,429,25,27,37,43,44
1,72,73,CUSCATLAN,7,MUNICIPIO,MONTE SAN JUAN,5,705,51.40644124,46,0,0,0,0,15,270,25,418,27,423,45,423,25,27,29,37,44
1,73,74,CUSCATLAN,7,MUNICIPIO,EL ROSARIO,4,704,41.25031331,46,0,0,2,18,2,18,26,422,27,423,44,423,20,26,28,43,44
1,74,75,CUSCATLAN,7,MUNICIPIO,SAN RAFAEL CEDROS,11,711,32.38258464,46,0,0,2,18,6,89,26,422,27,423,44,423,26,27,32,44,44
1,75,76,CUSCATLAN,7,MUNICIPIO,COJUTEPEQUE,2,702,36.60298665,46,0,0,2,18,24,415,27,423,28,429,45,429,25,27,36,44,44
1,76,77,CUSCATLAN,7,MUNICIPIO,EL CARMEN,3,703,34.62590688,46,0,0,2,18,18,336,26,422,27,423,45,423,26,27,36,44,44
1,77,78,CUSCATLAN,7,MUNICIPIO,SAN CRISTOBAL,8,708,56.10382894,46,0,0,0,0,2,18,18,336,26,422,44,422,2,26,27,27,40
1,78,79,CUSCATLAN,7,MUNICIPIO,CANDELARIA,1,701,54.10560913,46,0,0,0,0,2,18,25,418,27,423,44,423,21,26,27,36,43
1,79,80,CUSCATLAN,7,MUNICIPIO,SAN RAMON,12,712,41.84440104,46,0,0,2,18,15,270,26,422,27,423,45,423,26,27,30,43,44
1,80,81,CUSCATLAN,7,MUNICIPIO,SANTA CRUZ ANALQUITO,13,713,62.47614339,46,0,0,0,0,0,0,26,422,27,423,44,423,6,26,27,28,41
1,81,82,LA PAZ,8,MUNICIPIO,SAN LUIS TALPA,13,813,41.5555915,46,0,0,2,11,24,404,27,423,29,444,42,444,24,27,38,39,39
1,82,83,LA PAZ,8,MUNICIPIO,OLOCUILTA,5,805,38.62688158,46,0,0,10,149,24,404,25,405,31,487,40,487,24,27,38,39,40
1,83,84,LA PAZ,8,MUNICIPIO,SAN JUAN TALPA,11,811,46.13275146,46,0,0,0,0,20,371,27,423,27,423,40,423,24,27,38,38,39
1,84,85,LA PAZ,8,MUNICIPIO,EL ROSARIO,2,802,35.98129205,46,0,0,1,4,14,231,26,422,29,444,45,444,26,27,32,38,39
1,85,86,LA PAZ,8,MUNICIPIO,SAN ANTONIO MASAHUAT,7,807,51.2307902,46,0,0,0,0,1,4,26,422,27,423,39,423,2,26,29,29,38
1,86,87,LA PAZ,8,MUNICIPIO,TAPALHUACA,20,820,56.0086141,46,0,0,0,0,1,4,24,404,27,423,39,423,17,26,29,36,38
1,87,88,LA PAZ,8,MUNICIPIO,CUYULTITAN,1,801,42.96573486,46,0,0,1,7,24,404,27,423,27,423,40,423,24,27,38,39,39
1,88,89,LA PAZ,8,MUNICIPIO,SAN FRANCISCO CHINAMECA,9,809,29.12306824,46,1,7,23,400,23,400,25,405,36,547,40,547,25,27,37,39,40
1,89,90,LA PAZ,8,MUNICIPIO,SAN JUAN TEPEZONTES,12,812,65.23830973,46,0,0,0,0,0,0,24,404,27,423,39,423,16,26,27,34,38
1,90,91,LA PAZ,8,MUNICIPIO,SANTIAGO NONUALCO,19,819,32.31325386,46,0,0,1,4,1,4,26,422,29,444,44,444,4,26,29,29,38
1,91,92,LA PAZ,8,MUNICIPIO,SAN PEDRO MASAHUAT,15,815,46.40228068,46,0,0,0,0,1,4,26,422,27,423,39,423,20,26,29,38,38
1,92,93,LA PAZ,8,MUNICIPIO,SAN JUAN NONUALCO,10,810,18.55128797,46,1,4,1,4,3,22,21,384,28,443,43,443,3,28,29,29,42
1,93,94,LA PAZ,8,MUNICIPIO,ZACATECOLUCA,21,821,14.78872815,46,1,4,1,4,3,22,6,50,28,443,43,443,3,28,29,33,34
1,94,95,LA PAZ,8,MUNICIPIO,SAN RAFAEL OBRAJUELO,17,817,13.93913642,46,1,4,1,4,3,22,26,422,29,444,44,444,15,28,29,32,43
1,95,96,LA PAZ,8,MUNICIPIO,SAN LUIS LA HERRADURA,22,822,44.51407199,46,0,0,1,4,1,4,3,22,26,422,29,422,1,4,28,29,29
1,96,97,LA PAZ,8,MUNICIPIO,SAN PEDRO NONUALCO,16,816,52.58572591,46,0,0,0,0,3,22,3,22,26,422,35,422,3,6,28,29,33
1,97,98,LA PAZ,8,MUNICIPIO,SANTA MARIA OSTUMA,18,818,46.77475857,46,0,0,0,0,3,22,16,274,26,422,44,422,3,26,29,32,36
1,98,99,LA PAZ,8,MUNICIPIO,PARAISO DE OSORIO,6,806,64.92301839,46,0,0,0,0,0,0,26,422,27,423,44,423,18,26,27,31,39
1,99,100,LA PAZ,8,MUNICIPIO,SAN EMIGDIO,8,808,66.22956136,46,0,0,0,0,0,0,26,422,27,423,44,423,11,26,27,28,38
1,100,101,LA PAZ,8,MUNICIPIO,SAN MIGUEL TEPEZONTES,14,814,42.92229411,46,0,0,1,7,23,400,27,423,27,423,43,423,24,27,36,39,39
1,101,102,LA PAZ,8,MUNICIPIO,JERUSALEN,3,803,42.57334798,46,0,0,2,18,2,18,26,422,27,423,44,423,12,26,27,34,44
1,102,103,LA PAZ,8,MUNICIPIO,MERCEDES LA CEIBA,4,804,40.93541158,0,0,0,2,18,3,22,21,384,26,422,44,683,3,26,29,33,43
1,103,104,CABANAS,9,MUNICIPIO,ILOBASCO,3,903,52.891134,46,0,0,0,0,2,18,21,385,27,442,44,442,2,26,28,29,44
1,104,105,CABANAS,9,MUNICIPIO,SAN ISIDRO,5,905,79.83963216,46,0,0,0,0,0,0,2,18,22,404,36,404,0,3,28,32,36
1,105,106,CABANAS,9,MUNICIPIO,JUTIAPA,4,904,74.23393555,46,0,0,0,0,0,0,2,27,16,287,29,287,1,3,28,28,29
1,106,107,CABANAS,9,MUNICIPIO,TEJUTEPEQUE,7,907,61.90572917,46,0,0,0,0,0,0,8,118,27,442,44,442,2,27,29,29,32
1,107,108,CABANAS,9,MUNICIPIO,CINQUERA,1,901,97.08325704,0,0,0,0,0,0,0,0,0,27,444,36,555,0,16,28,29,29
1,108,109,CABANAS,9,MUNICIPIO,SENSUNTEPEQUE,6,906,80.39785224,46,0,0,0,0,0,0,1,20,4,44,36,44,0,3,23,35,35
1,109,110,CABANAS,9,MUNICIPIO,VICTORIA,8,908,109.2838501,46,0,0,0,0,0,0,0,0,1,20,35,20,0,0,2,4,16
1,110,111,CABANAS,9,MUNICIPIO,GUACOTECTI,2,902,80.59383138,46,0,0,0,0,0,0,3,38,21,382,36,382,0,3,32,35,36
1,111,112,SAN VICENTE,10,MUNICIPIO,SANTA CLARA,4,1004,40.14703725,46,0,0,2,18,2,18,3,22,30,513,37,513,2,5,33,35,35
1,112,113,SAN VICENTE,10,MUNICIPIO,SAN ESTEBAN CATARINA,6,1006,40.60167366,0,0,0,2,18,2,18,3,22,25,419,36,565,2,3,29,35,35
1,113,114,SAN VICENTE,10,MUNICIPIO,SAN VICENTE,10,1010,13.54628443,46,2,18,2,18,3,22,9,122,32,504,45,504,3,28,34,34,36
1,114,115,MORAZAN,13,MUNICIPIO,LOLOTIQUILLO,13,1313,48.13854167,46,0,0,0,0,4,61,5,95,7,119,10,119,5,5,8,8,10
1,115,116,MORAZAN,13,MUNICIPIO,CHILANGA,4,1304,55.74963786,46,0,0,0,0,3,40,5,95,6,103,10,103,5,5,8,8,8
1,116,117,MORAZAN,13,MUNICIPIO,GUATAJIAGUA,9,1309,64.82362467,46,0,0,0,0,0,0,5,95,7,116,10,116,4,5,8,8,10
1,117,118,MORAZAN,13,MUNICIPIO,SAN FRANCISCO GOTERA,19,1319,40.08815308,46,0,0,3,40,5,95,5,95,8,124,11,124,5,6,8,8,10
1,118,119,MORAZAN,13,MUNICIPIO,SENSEMBRA,22,1322,66.13494263,0,0,0,0,0,0,0,5,95,5,95,10,142,4,5,8,8,8
1,119,120,MORAZAN,13,MUNICIPIO,YAMABAL,25,1325,57.5368571,46,0,0,0,0,1,3,5,95,6,111,10,111,5,5,8,8,10
1,120,121,MORAZAN,13,MUNICIPIO,SAN CARLOS,17,1317,43.59947903,0,0,0,1,3,5,95,5,95,8,124,10,142,5,5,8,8,10
1,121,122,MORAZAN,13,MUNICIPIO,EL DIVISADERO,6,1306,24.87780965,46,4,61,5,95,5,95,6,103,8,124,11,124,5,8,8,10,11
1,122,123,MORAZAN,13,MUNICIPIO,JOCORO,12,1312,36.13336046,46,0,0,4,61,5,95,6,103,8,124,11,124,5,7,8,10,10
1,123,124,MORAZAN,13,MUNICIPIO,CORINTO,3,1303,84.12052002,46,0,0,0,0,0,0,4,61,5,95,8,95,0,5,6,7,8
1,124,125,LA UNION,14,MUNICIPIO,SAN ALEJO,14,1414,34.41816203,46,0,0,1,8,1,8,6,103,6,103,10,103,6,6,8,8,8
1,125,126,LA UNION,14,MUNICIPIO,PASAQUINA,12,1412,62.79376628,46,0,0,0,0,0,0,1,8,6,103,8,103,1,6,6,6,7
1,126,127,LA UNION,14,MUNICIPIO,SANTA ROSA DE LIMA,16,1416,56.21830822,46,0,0,0,0,1,3,6,103,6,103,10,103,6,6,8,8,8
1,127,128,LA UNION,14,MUNICIPIO,EL SAUCE,6,1406,86.84968798,0,0,0,0,0,0,0,2,11,6,103,8,124,0,6,6,6,8
1,128,129,LA UNION,14,MUNICIPIO,ANAMOROS,1,1401,98.24118652,46,0,0,0,0,0,0,0,0,6,103,8,103,0,5,6,6,7
1,129,130,LA UNION,14,MUNICIPIO,CONCHAGUA,4,1404,9.931450907,46,1,8,1,8,1,8,6,103,7,119,10,119,6,6,8,8,8
1,130,131,LA UNION,14,MUNICIPIO,INTIPUCA,7,1407,52.21948242,46,0,0,0,0,1,8,6,103,8,124,9,124,2,8,8,8,8
1,131,132,LA UNION,14,MUNICIPIO,NUEVA ESPARTA,11,1411,119.0227905,46,0,0,0,0,0,0,0,0,1,3,6,3,0,0,6,6,6
1,132,133,LA UNION,14,MUNICIPIO,LISLIQUE,9,1409,108.1478678,46,0,0,0,0,0,0,0,0,4,61,7,61,0,0,6,6,6
1,133,134,LA UNION,14,MUNICIPIO,POLOROS,13,1413,107.4340861,46,0,0,0,0,0,0,0,0,5,69,8,69,0,0,6,6,6
1,134,135,LA UNION,14,MUNICIPIO,CONCEPCION DE ORIENTE,3,1403,119.4903198,46,0,0,0,0,0,0,0,0,1,8,6,8,0,0,5,6,6
1,135,136,LA UNION,14,MUNICIPIO,YUCUAIQUIN,18,1418,62.96687826,46,0,0,0,0,0,0,5,95,6,103,10,103,4,6,7,8,8
1,136,137,LA UNION,14,MUNICIPIO,BOLIVAR,2,1402,69.65266568,0,0,0,0,0,0,0,6,103,6,103,8,124,4,6,6,8,8
1,137,138,LA UNION,14,MUNICIPIO,SAN JOSE,15,1415,62.57351481,46,0,0,0,0,0,0,6,103,6,103,10,103,4,6,8,8,8
1,138,139,LA UNION,14,MUNICIPIO,YAYANTIQUE,17,1417,50.3195638,46,0,0,0,0,5,95,6,103,8,124,10,124,6,6,8,8,10
1,139,140,LA UNION,14,MUNICIPIO,EL CARMEN,5,1405,41.98371663,46,0,0,1,8,6,103,6,103,7,119,10,119,6,6,8,8,10
1,140,141,LA UNION,14,MUNICIPIO,LA UNION,8,1408,27.032896,46,1,8,1,8,1,8,6,103,8,124,9,124,5,7,8,8,8
1,141,142,LA UNION,14,MUNICIPIO,MEANGUERA DEL GOLFO,10,1410,188.5381059,0,0,0,0,0,0,0,0,0,0,0,0,0,0,0,0,0,0
1,142,143,USULUTAN,11,MUNICIPIO,JIQUILISCO,8,1108,50.33504799,46,0,0,0,0,3,25,5,43,10,138,35,138,3,5,14,33,33
1,143,144,USULUTAN,11,MUNICIPIO,SANTA ELENA,18,1118,23.09754155,46,2,21,2,21,2,21,7,116,10,138,34,138,6,8,11,11,12
1,144,145,USULUTAN,11,MUNICIPIO,SAN FRANCISCO JAVIER,19,1119,48.99807943,46,0,0,0,0,2,21,3,25,10,138,34,138,3,8,10,26,34
1,145,146,USULUTAN,11,MUNICIPIO,TECAPAN,22,1122,30.24306098,46,0,0,2,21,2,21,7,86,10,138,34,138,2,8,10,11,12
1,146,147,USULUTAN,11,MUNICIPIO,CALIFORNIA,3,1103,34.74128418,46,0,0,2,21,2,21,7,116,10,138,34,138,6,10,11,11,14
1,147,148,USULUTAN,11,MUNICIPIO,OZATLAN,13,1113,45.47762858,46,0,0,0,0,2,21,3,25,10,138,34,138,3,9,10,11,34
1,148,149,USULUTAN,11,MUNICIPIO,SANTA MARIA,20,1120,4.298294576,46,2,21,2,21,2,21,8,120,11,146,34,146,7,8,11,11,30
1,149,150,USULUTAN,11,MUNICIPIO,EREGUAYQUIN,6,1106,5.430624898,46,2,21,2,21,5,79,8,120,11,146,34,146,7,8,11,11,30
1,150,151,USULUTAN,11,MUNICIPIO,USULUTAN,23,1123,13.91956154,46,2,21,2,21,2,21,8,120,10,138,34,138,3,8,11,11,30
1,151,152,USULUTAN,11,MUNICIPIO,CONCEPCION BATRES,4,1104,20.53525458,46,2,21,2,21,2,21,7,116,8,120,30,120,7,8,11,11,11
1,152,153,USULUTAN,11,MUNICIPIO,SAN DIONISIO,17,1117,22.18374979,0,2,21,2,21,2,21,5,79,8,120,30,513,2,8,10,11,11
1,153,154,USULUTAN,11,MUNICIPIO,PUERTO EL TRIUNFO,14,1114,39.64194743,46,0,0,2,21,2,21,3,25,10,138,34,138,3,10,10,27,34
1,154,155,USULUTAN,11,MUNICIPIO,JUCUARAN,10,1110,72.30959473,46,0,0,0,0,0,0,2,21,7,116,11,116,1,2,7,9,9
1,155,156,SAN MIGUEL,12,MUNICIPIO,SESORI,19,1219,92.24159071,46,0,0,0,0,0,0,0,0,7,116,12,116,0,4,9,9,11
1,156,157,SAN MIGUEL,12,MUNICIPIO,NUEVO EDEN DE SAN JUAN,11,1211,124.5458106,0,0,0,0,0,0,0,0,0,0,0,25,416,0,0,6,10,11
1,157,158,CABANAS,9,MUNICIPIO,DOLORES,9,909,100.5763509,46,0,0,0,0,0,0,0,0,5,76,36,76,0,2,10,11,25
1,158,159,SAN MIGUEL,12,MUNICIPIO,SAN GERARDO,14,1214,118.8770477,0,0,0,0,0,0,0,0,0,2,43,12,164,0,0,7,10,10
1,159,160,SAN MIGUEL,12,MUNICIPIO,SAN LUIS DE LA REINA,16,1216,101.236438,46,0,0,0,0,0,0,0,0,5,95,17,95,0,3,9,10,11
1,160,161,SAN MIGUEL,12,MUNICIPIO,CAROLINA,1,1201,113.7063182,0,0,0,0,0,0,0,0,0,4,61,11,162,0,0,5,5,7
1,161,162,SAN MIGUEL,12,MUNICIPIO,SAN ANTONIO,13,1213,95.62201335,46,0,0,0,0,0,0,0,0,5,95,11,95,0,4,5,7,10
1,162,163,SAN MIGUEL,12,MUNICIPIO,CIUDAD BARRIOS,2,1202,72.12968852,46,0,0,0,0,0,0,5,95,6,111,11,111,3,5,8,8,10
1,163,164,SAN MIGUEL,12,MUNICIPIO,CHAPELTIQUE,4,1204,44.21846008,46,0,0,1,21,5,95,5,95,8,124,11,124,5,7,10,10,11
1,164,165,SAN MIGUEL,12,MUNICIPIO,LOLOTIQUE,8,1208,47.45188395,46,0,0,0,0,4,61,7,116,10,142,27,142,5,7,10,11,11
1,165,166,SAN MIGUEL,12,MUNICIPIO,MONCAGUA,9,1209,28.93777084,46,2,43,5,95,5,95,7,116,10,142,12,142,6,8,10,11,11
1,166,167,SAN MIGUEL,12,MUNICIPIO,NUEVA GUADALUPE,10,1210,33.0342041,46,0,0,4,61,5,95,8,123,10,142,35,142,7,10,11,11,28
1,167,168,SAN MIGUEL,12,MUNICIPIO,CHINAMECA,5,1205,35.27581787,46,0,0,4,61,6,111,7,116,10,142,35,142,7,10,11,11,24
1,168,169,SAN MIGUEL,12,MUNICIPIO,SAN JORGE,15,1215,28.85564779,46,1,16,4,64,7,116,7,116,9,128,12,128,7,8,11,11,11
1,169,170,SAN MIGUEL,12,MUNICIPIO,QUELEPA,12,1212,10.56536357,46,5,95,5,95,6,111,8,124,10,142,30,142,8,10,11,11,11
1,170,171,SAN MIGUEL,12,MUNICIPIO,SAN MIGUEL,17,1217,10.04040704,46,5,95,5,95,5,95,8,124,9,131,11,131,7,8,10,11,11
1,171,172,SAN MIGUEL,12,MUNICIPIO,SAN RAFAEL ORIENTE,18,1218,22.57464871,46,2,21,2,21,6,82,7,116,9,128,28,128,7,8,11,11,11
1,172,173,SAN MIGUEL,12,MUNICIPIO,EL TRANSITO,7,1207,26.86341909,46,1,16,2,21,2,21,7,116,9,128,21,128,7,8,11,11,11
1,173,174,SAN MIGUEL,12,MUNICIPIO,CHIRILAGUA,6,1206,44.41846483,46,0,0,1,34,5,95,8,124,8,124,11,124,7,8,8,9,11
1,174,175,SAN MIGUEL,12,MUNICIPIO,ULUAZAPA,20,1220,46.43359084,0,0,0,0,0,5,95,6,103,8,124,10,142,5,6,8,8,10
1,175,176,SAN MIGUEL,12,MUNICIPIO,COMACARAN,3,1203,33.29428801,0,0,0,4,61,5,95,5,95,8,124,11,146,5,7,8,10,10
1,176,177,MORAZAN,13,MUNICIPIO,SOCIEDAD,23,1323,51.8502238,46,0,0,0,0,4,61,5,95,7,119,10,119,5,6,8,8,9
1,177,178,MORAZAN,13,MUNICIPIO,CACAOPERA,2,1302,73.13422445,46,0,0,0,0,0,0,5,95,5,95,8,95,1,5,5,8,8
1,178,179,MORAZAN,13,MUNICIPIO,SAN FERNANDO,18,1318,113.569497,0,0,0,0,0,0,0,0,0,4,61,7,119,0,0,5,5,5
1,179,180,MORAZAN,13,MUNICIPIO,ARAMBALA,1,1301,107.2483625,0,0,0,0,0,0,0,0,0,4,61,8,124,0,0,5,5,5
1,180,181,MORAZAN,13,MUNICIPIO,PERQUIN,16,1316,85.53780924,46,0,0,0,0,0,0,3,40,5,95,8,95,0,5,5,6,8
1,181,182,MORAZAN,13,MUNICIPIO,JOCOAITIQUE,11,1311,83.48751628,46,0,0,0,0,0,0,4,61,5,95,8,95,0,5,5,7,8
1,182,183,MORAZAN,13,MUNICIPIO,TOROLA,24,1324,116.6887939,46,0,0,0,0,0,0,0,0,1,3,6,3,0,0,5,5,5
1,183,184,MORAZAN,13,MUNICIPIO,SAN ISIDRO,20,1320,87.23110352,46,0,0,0,0,0,0,1,3,5,95,11,95,0,5,5,6,10
1,184,185,MORAZAN,13,MUNICIPIO,EL ROSARIO,7,1307,86.63217256,0,0,0,0,0,0,0,1,3,5,95,8,124,0,5,5,6,8
1,185,186,MORAZAN,13,MUNICIPIO,MEANGUERA,14,1314,67.28601481,46,0,0,0,0,0,0,5,95,5,95,10,95,4,5,7,8,8
1,186,187,MORAZAN,13,MUNICIPIO,JOATECA,10,1310,92.28666178,46,0,0,0,0,0,0,0,0,5,95,8,95,0,4,5,5,8
1,187,188,MORAZAN,13,MUNICIPIO,SAN SIMON,21,1321,77.23099772,46,0,0,0,0,0,0,5,95,5,95,11,95,0,5,6,10,11
1,188,189,MORAZAN,13,MUNICIPIO,GUALOCOCTI,8,1308,73.58767904,46,0,0,0,0,0,0,5,95,5,95,11,95,1,5,5,8,10
1,189,190,MORAZAN,13,MUNICIPIO,DELICIAS DE CONCEPCION,5,1305,61.809611,46,0,0,0,0,0,0,5,95,5,95,10,95,4,5,8,8,8
1,190,191,MORAZAN,13,MUNICIPIO,YOLOAIQUIN,26,1326,54.59418742,46,0,0,0,0,4,61,5,95,6,103,10,103,5,5,8,8,8
1,191,192,USULUTAN,11,MUNICIPIO,MERCEDES UMANA,11,1111,52.93480835,46,0,0,0,0,4,61,9,134,11,146,36,146,9,10,24,35,35
1,192,193,MORAZAN,13,MUNICIPIO,OSICALA,15,1315,64.14629313,46,0,0,0,0,0,0,5,95,5,95,11,95,4,5,7,8,8
1,193,194,SONSONATE,3,MUNICIPIO,SANTA ISABEL ISHUATAN,5,305,58.14077837,0,0,0,0,0,2,25,3,28,25,348,34,531,3,4,33,33,33
1,194,195,SONSONATE,3,MUNICIPIO,CUISNAHUAT,4,304,57.97391357,46,0,0,0,0,3,28,3,28,33,527,33,527,3,9,33,33,33
1,195,196,SONSONATE,3,MUNICIPIO,ACAJUTLA,1,301,27.07045135,46,2,25,3,28,3,28,9,126,33,527,33,527,4,19,33,33,33
1,196,197,SONSONATE,3,MUNICIPIO,NAHULINGO,9,309,9.129163106,46,3,28,3,28,5,39,33,527,33,527,37,527,12,33,33,33,36
1,197,198,SONSONATE,3,MUNICIPIO,CALUCO,3,303,22.97427368,46,3,28,3,28,3,28,31,460,33,527,37,527,8,33,33,33,34
1,198,199,SONSONATE,3,MUNICIPIO,SAN ANTONIO DEL MONTE,11,311,9.590290324,46,3,28,3,28,6,47,26,368,33,527,37,527,9,33,33,33,34
1,199,200,SONSONATE,3,MUNICIPIO,SONSONATE,15,315,11.90749198,46,3,28,3,28,4,35,25,348,33,527,37,527,9,33,33,33,34
1,200,201,SONSONATE,3,MUNICIPIO,SAN JULIAN,12,312,39.49781392,46,0,0,3,28,3,28,32,519,33,527,38,527,25,33,33,33,37
1,201,202,SONSONATE,3,MUNICIPIO,ARMENIA,2,302,37.39863815,46,0,0,3,28,25,362,32,519,33,527,38,527,32,33,34,37,38
1,202,203,SONSONATE,3,MUNICIPIO,IZALCO,6,306,14.19937071,46,3,28,3,28,8,118,33,527,33,527,38,527,26,33,33,34,37
1,203,204,SONSONATE,3,MUNICIPIO,SANTA CATARINA MASAHUAT,13,313,23.74302673,46,3,28,3,28,4,36,9,126,33,527,34,527,9,27,33,33,33
1,204,205,SONSONATE,3,MUNICIPIO,SALCOATITAN,10,310,24.07456868,46,3,28,4,36,9,126,10,127,33,527,34,527,9,27,33,33,33
1,205,206,SONSONATE,3,MUNICIPIO,NAHUIZALCO,8,308,14.49772148,46,3,28,3,28,5,43,16,189,33,527,37,527,9,33,33,33,33
1,206,207,SONSONATE,3,MUNICIPIO,JUAYUA,7,307,26.99866638,46,3,28,6,47,9,126,10,127,33,527,34,527,9,24,33,33,33
1,207,208,SONSONATE,3,MUNICIPIO,SONZACATE,16,316,5.234310118,46,3,28,3,28,9,126,33,527,33,527,38,527,15,33,33,33,37
1,208,209,SAN SALVADOR,6,MUNICIPIO,ROSARIO DE MORA,11,611,29.0025689,46,1,7,23,400,23,400,25,405,36,547,40,547,24,27,37,37,40
1,209,210,SAN SALVADOR,6,MUNICIPIO,PANCHIMALCO,10,610,20.83494263,46,17,342,23,400,23,400,25,405,36,547,40,547,24,35,37,38,40
1,210,211,SAN SALVADOR,6,MUNICIPIO,SAN MARCOS,12,612,4.425783866,46,23,400,23,400,24,401,35,541,37,567,41,567,25,36,38,40,40
1,211,212,SAN SALVADOR,6,MUNICIPIO,SANTO TOMAS,16,616,13.47410184,46,23,400,23,400,24,401,27,423,37,567,41,567,25,36,37,40,40
1,212,213,SAN SALVADOR,6,MUNICIPIO,SANTIAGO TEXACUANGOS,15,615,21.52112868,46,16,318,23,400,23,400,27,423,36,547,40,547,25,35,37,40,40
1,213,214,SAN SALVADOR,6,MUNICIPIO,ILOPANGO,7,607,15.31780644,46,22,397,23,400,24,401,27,423,37,567,45,567,26,36,37,38,41
1,214,215,SAN SALVADOR,6,MUNICIPIO,CUSCATANCINGO,4,604,9.667855411,46,23,400,24,401,24,401,34,522,37,567,40,567,24,37,38,38,40
1,215,216,SAN SALVADOR,6,MUNICIPIO,SOYAPANGO,17,617,9.792667745,46,23,400,23,400,24,401,28,429,37,567,44,567,26,37,38,38,40
1,216,217,SAN SALVADOR,6,MUNICIPIO,SAN SALVADOR,14,614,4.614985216,46,23,400,24,401,24,401,36,547,37,567,41,567,24,37,38,38,40
1,217,218,SAN SALVADOR,6,MUNICIPIO,MEJICANOS,8,608,4.7077344,46,23,400,24,401,24,401,36,547,37,567,42,567,24,37,38,38,40
1,218,219,SAN SALVADOR,6,MUNICIPIO,AYUTUXTEPEQUE,3,603,15.25698039,46,22,397,24,401,24,401,32,515,37,567,40,567,24,37,38,38,38
1,219,220,SAN SALVADOR,6,MUNICIPIO,DELGADO,19,619,9.240841538,46,23,400,23,400,24,401,33,519,37,567,43,567,24,37,38,38,40
1,220,221,SAN SALVADOR,6,MUNICIPIO,SAN MARTIN,13,613,24.070293,46,13,252,23,400,24,407,27,423,37,567,45,567,26,30,37,38,44
1,221,222,SAN SALVADOR,6,MUNICIPIO,TONACATEPEQUE,18,618,25.0659197,46,13,252,23,400,24,401,27,425,37,567,41,567,24,36,37,38,38
1,222,223,SAN SALVADOR,6,MUNICIPIO,APOPA,2,602,20.35658821,46,18,362,24,401,24,401,32,524,37,567,40,567,25,37,38,38,38
1,223,224,SAN SALVADOR,6,MUNICIPIO,NEJAPA,9,609,24.83516568,46,13,265,24,401,24,401,33,525,38,575,38,575,30,37,38,38,38
1,224,225,SAN SALVADOR,6,MUNICIPIO,GUAZAPA,6,606,36.09172024,46,0,0,17,338,25,407,26,427,37,567,38,567,26,33,37,38,38
1,225,226,SAN SALVADOR,6,MUNICIPIO,AGUILARES,1,601,43.08216634,46,0,0,1,6,23,403,26,427,33,535,38,535,26,31,37,38,38
1,226,227,SAN SALVADOR,6,MUNICIPIO,EL PAISNAL,5,605,53.63240051,46,0,0,0,0,1,6,26,427,31,517,38,517,16,26,31,37,38
1,227,228,AHUACHAPAN,1,MUNICIPIO,SAN PEDRO PUXTLA,10,110,31.00982056,46,0,0,3,28,4,36,9,126,33,527,33,527,5,16,33,33,33
1,228,229,AHUACHAPAN,1,MUNICIPIO,JUJUTLA,7,107,52.09970133,46,0,0,0,0,3,28,4,36,9,126,33,126,3,8,31,33,33
1,229,230,AHUACHAPAN,1,MUNICIPIO,APANECA,2,102,24.42618815,46,1,8,4,36,8,90,9,126,33,527,33,527,9,13,33,33,33
1,230,231,AHUACHAPAN,1,MUNICIPIO,CONCEPCION DE ATACO,4,104,14.63051961,46,1,8,3,33,8,90,9,126,19,255,33,255,9,10,33,33,33
1,231,232,AHUACHAPAN,1,MUNICIPIO,SAN FRANCISCO MENENDEZ,8,108,80.91356497,46,0,0,0,0,0,0,3,28,4,36,33,36,0,4,9,12,33
1,232,233,AHUACHAPAN,1,MUNICIPIO,TACUBA,11,111,25.27890015,46,1,8,1,8,1,8,9,126,10,127,33,127,8,9,10,29,33
1,233,234,AHUACHAPAN,1,MUNICIPIO,TURIN,12,112,14.68973592,46,1,8,6,98,9,126,10,127,33,527,34,527,10,14,33,33,34
1,234,235,AHUACHAPAN,1,MUNICIPIO,EL REFUGIO,5,105,24.3568929,46,5,62,6,98,6,98,10,127,33,527,35,527,10,23,33,33,34
1,235,236,AHUACHAPAN,1,MUNICIPIO,ATIQUIZAYA,3,103,21.36588198,46,1,8,6,98,6,98,10,127,33,527,34,527,10,15,33,33,34
1,236,237,AHUACHAPAN,1,MUNICIPIO,AHUACHAPAN,1,101,7.455794109,46,1,8,1,8,8,123,10,127,15,165,34,165,9,10,33,33,33
1,237,238,AHUACHAPAN,1,MUNICIPIO,SAN LORENZO,9,109,41.62415161,46,0,0,1,8,6,98,9,126,10,127,33,127,6,10,29,33,33
1,238,241,LA LIBERTAD,5,MUNICIPIO,LA LIBERTAD,9,509,41.54730428,46,0,0,1,3,23,400,25,405,35,541,40,541,25,25,36,38,40
1,239,242,LA LIBERTAD,5,MUNICIPIO,JICALAPA,8,508,79.61874334,0,0,0,0,0,0,0,12,156,27,429,37,555,0,27,33,34,36
1,240,243,LA LIBERTAD,5,MUNICIPIO,ZARAGOZA,22,522,16.21473083,46,16,241,23,400,24,401,32,511,36,547,40,547,24,33,38,38,40
1,241,244,LA LIBERTAD,5,MUNICIPIO,SAN JOSE VILLANUEVA,14,514,27.05214793,46,1,3,23,400,23,400,25,405,35,541,40,541,24,33,36,38,38
1,242,245,LA LIBERTAD,5,MUNICIPIO,HUIZUCAR,6,506,41.71094971,46,0,0,1,3,23,400,25,405,33,523,40,523,24,25,35,36,40
1,243,246,LA LIBERTAD,5,MUNICIPIO,TAMANIQUE,18,518,56.53667728,0,0,0,0,0,1,3,24,401,28,433,38,575,23,27,33,35,37
1,244,247,LA LIBERTAD,5,MUNICIPIO,CHILTIUPAN,5,505,60.94911702,46,0,0,0,0,0,0,26,428,28,433,38,433,17,27,34,36,37
1,245,248,LA LIBERTAD,5,MUNICIPIO,NUEVO CUSCATLAN,10,510,5.638072205,46,23,400,24,401,24,401,33,523,38,575,40,575,25,36,38,38,40
1,246,249,LA LIBERTAD,5,MUNICIPIO,TEOTEPEQUE,20,520,52.53572184,46,0,0,0,0,3,28,3,28,33,527,36,527,3,25,33,34,34
1,247,250,LA LIBERTAD,5,MUNICIPIO,COMASAGUA,4,504,60.45607503,46,0,0,0,0,0,0,23,400,28,433,38,433,19,24,33,35,36
1,248,251,LA LIBERTAD,5,MUNICIPIO,ANTIGUO CUSCATLAN,1,501,3.06122374,46,23,400,24,401,24,401,35,541,38,575,40,575,27,36,38,38,40
1,249,252,LA LIBERTAD,5,MUNICIPIO,TALNIQUE,19,519,41.03850098,46,0,0,6,39,25,404,32,519,33,527,38,527,27,32,37,38,38
1,250,253,LA LIBERTAD,5,MUNICIPIO,JAYAQUE,7,507,35.52969869,46,0,0,10,129,27,429,32,519,33,527,38,527,28,32,37,38,38
1,251,254,LA LIBERTAD,5,MUNICIPIO,TEPECOYO,21,521,37.55179172,46,0,0,7,63,27,429,32,519,33,527,38,527,28,32,37,38,38
1,252,255,LA LIBERTAD,5,MUNICIPIO,SANTA TECLA,11,511,3.295611278,46,23,400,24,401,24,401,33,523,38,575,40,575,32,36,38,38,40
1,253,256,LA LIBERTAD,5,MUNICIPIO,COLON,3,503,18.79707549,46,17,242,24,401,31,507,32,519,37,555,38,555,32,33,38,38,38
1,254,257,LA LIBERTAD,5,MUNICIPIO,SACACOYO,13,513,33.08019857,46,0,0,17,242,27,429,32,519,33,527,38,527,32,33,37,38,38
1,255,258,LA LIBERTAD,5,MUNICIPIO,CIUDAD ARCE,2,502,11.37016285,46,1,1,11,129,29,491,33,527,34,533,38,533,30,33,38,38,38
1,256,259,LA LIBERTAD,5,MUNICIPIO,QUEZALTEPEQUE,12,512,26.60017721,46,12,224,24,401,24,401,33,525,38,575,38,575,29,36,38,38,38
1,257,260,LA LIBERTAD,5,MUNICIPIO,SAN MATIAS,16,516,31.74187419,46,0,0,7,146,24,401,32,519,36,560,38,560,29,34,38,38,38
1,258,261,LA LIBERTAD,5,MUNICIPIO,SAN JUAN OPICO,15,515,21.02191087,46,1,1,7,63,29,491,32,519,35,553,38,553,30,34,38,38,38
1,259,262,LA LIBERTAD,5,MUNICIPIO,SAN PABLO TACACHICO,17,517,69.24341939,46,0,0,0,0,0,0,24,397,31,517,38,517,1,31,35,35,38
1,260,270,AHUACHAPAN,1,MUNICIPIO,GUAYMANGO,6,106,45.62791423,46,0,0,0,0,4,36,5,43,16,189,33,189,4,9,33,33,33
1,261,271,SONSONATE,3,MUNICIPIO,SANTO DOMINGO DE GUZMAN,14,314,34.05818583,46,0,0,3,28,3,28,9,126,33,527,33,527,4,13,33,33,33
0,0,1,CHALATENANGO,4,MUNICIPIO,NUEVA CONCEPCION,16,416,5.596563369,46,0,0,0,0,1,6,2,26,27,484,37,571,1,2,31,31,35
0,1,2,CHALATENANGO,4,MUNICIPIO,AGUA CALIENTE,1,401,54.4425581,46,0,0,0,0,1,6,2,26,16,298,32,524,1,2,26,31,31
0,2,3,CHALATENANGO,4,MUNICIPIO,LA PALMA,12,412,55.33576928,46,0,0,0,0,1,6,1,6,2,26,30,510,1,2,2,24,26
0,3,4,CHALATENANGO,4,MUNICIPIO,SAN IGNACIO,25,425,55.12828842,46,0,0,0,0,1,6,1,6,2,26,26,427,1,2,2,23,26
0,4,5,CHALATENANGO,4,MUNICIPIO,CITALA,4,404,64.58232531,46,0,0,0,0,0,0,1,6,2,26,31,517,1,1,2,14,26
0,5,6,CHALATENANGO,4,MUNICIPIO,SAN FERNANDO,22,422,72.93095895,46,0,0,0,0,0,0,1,6,2,26,26,427,1,2,2,2,20
0,6,7,CHALATENANGO,4,MUNICIPIO,LA REINA,13,413,31.8679765,46,0,0,1,6,1,6,2,26,25,426,37,567,2,14,26,31,31
0,7,8,CHALATENANGO,4,MUNICIPIO,SAN FRANCISCO MORAZAN,24,424,32.1426573,46,0,0,1,6,2,26,2,26,16,298,31,517,2,2,26,26,31
0,8,9,CHALATENANGO,4,MUNICIPIO,TEJUTLA,33,433,19.94953705,46,1,6,1,6,2,26,6,125,26,427,37,567,2,25,28,31,36
0,9,10,CHALATENANGO,4,MUNICIPIO,DULCE NOMBRE DE MARIA,8,408,58.60515043,46,0,0,0,0,1,6,2,26,2,26,31,517,2,2,16,26,26
0,10,11,CHALATENANGO,4,MUNICIPIO,EL PARAISO,10,410,31.53804547,46,0,0,2,26,2,26,2,26,26,427,37,567,2,24,26,31,33
0,11,12,CHALATENANGO,4,MUNICIPIO,SAN RAFAEL,31,431,30.01583843,46,0,0,2,26,2,26,2,26,26,427,37,567,2,16,26,30,31
0,12,13,CHALATENANGO,4,MUNICIPIO,SANTA RITA,32,432,26.09970772,46,1,20,2,26,2,26,2,26,25,426,34,538,2,5,26,26,31
0,13,14,CHALATENANGO,4,MUNICIPIO,CONCEPCION QUEZALTEPEQUE,6,406,29.63230008,46,1,20,1,20,1,20,2,26,2,26,33,535,2,2,24,26,26
0,14,15,CHALATENANGO,4,MUNICIPIO,CHALATENANGO,7,407,18.6248765,46,1,20,1,20,2,26,2,26,16,298,33,535,2,2,26,26,33
0,15,16,CHALATENANGO,4,MUNICIPIO,NUEVA TRINIDAD,17,417,58.33761371,46,0,0,0,0,1,20,1,20,2,26,28,445,1,2,2,2,23
0,16,17,CHALATENANGO,4,MUNICIPIO,LAS VUELTAS,14,414,38.04552432,46,0,0,1,20,1,20,2,26,2,26,28,445,2,2,6,25,26
0,17,18,CHALATENANGO,4,MUNICIPIO,OJOS DE AGUA,18,418,55.43653529,46,0,0,0,0,1,20,1,20,2,26,26,427,1,2,2,2,24
0,18,19,CHALATENANGO,4,MUNICIPIO,SAN ISIDRO LABRADOR,26,426,29.86266627,46,1,20,1,20,1,20,2,26,2,26,37,597,2,2,20,28,28
0,19,20,CHALATENANGO,4,MUNICIPIO,CANCASQUE,27,427,47.13196886,46,0,0,0,0,1,20,2,26,2,26,29,449,1,2,4,23,29
0,20,21,CHALATENANGO,4,MUNICIPIO,POTONICO,19,419,49.92873128,46,0,0,0,0,1,20,2,26,4,44,29,449,1,2,4,23,28
0,21,22,CHALATENANGO,4,MUNICIPIO,SAN MIGUEL DE MERCEDES,30,430,22.24218162,46,1,20,1,20,2,26,2,26,6,125,33,535,2,2,25,28,29
0,22,23,CHALATENANGO,4,MUNICIPIO,SAN ANTONIO LOS RANCHOS,21,421,26.91642151,46,1,20,1,20,1,20,2,26,2,26,33,535,2,2,21,28,28
0,23,24,CHALATENANGO,4,MUNICIPIO,AZACUALPA,3,403,26.29314081,46,1,20,1,20,1,20,2,26,2,26,33,535,2,2,24,26,28
0,24,25,CHALATENANGO,4,MUNICIPIO,SAN LUIS DEL CARMEN,29,429,39.68980035,46,0,0,1,20,1,20,2,26,2,26,28,445,1,2,24,27,28
0,25,26,SANTA ANA,2,MUNICIPIO,METAPAN,7,207,85.47188606,46,0,0,0,0,0,0,4,83,6,96,35,553,0,6,10,12,35
0,26,27,SANTA ANA,2,MUNICIPIO,SAN ANTONIO PAJONAL,8,208,66.26542823,46,0,0,0,0,0,0,5,90,10,127,35,553,5,5,12,34,35
0,27,28,SANTA ANA,2,MUNICIPIO,SANTIAGO DE LA FRONTERA,12,212,58.51046357,46,0,0,0,0,1,7,5,90,10,127,34,533,5,10,16,33,34
0,28,29,SANTA ANA,2,MUNICIPIO,SANTA ROSA GUACHIPILIN,11,211,74.2019482,46,0,0,0,0,0,0,1,6,7,116,35,553,1,7,20,34,35
0,29,30,SANTA ANA,2,MUNICIPIO,MASAHUAT,6,206,78.77925371,46,0,0,0,0,0,0,5,90,7,97,35,553,0,6,12,18,35
0,30,31,SANTA ANA,2,MUNICIPIO,TEXISTEPEQUE,13,213,45.72444867,46,0,0,0,0,5,90,6,91,17,195,35,553,5,10,34,35,35
0,31,32,SANTA ANA,2,MUNICIPIO,CANDELARIA DE LA FRONTERA,1,201,37.432925,46,0,0,5,90,5,90,10,127,29,443,34,533,5,10,33,33,33
0,32,33,SANTA ANA,2,MUNICIPIO,SANTA ANA,10,210,25.81964378,46,5,90,5,90,5,90,12,138,33,527,38,575,10,33,33,34,35
0,33,34,SANTA ANA,2,MUNICIPIO,COATEPEQUE,2,202,36.23293355,46,0,0,5,90,6,91,31,512,33,527,38,575,6,33,34,35,37
0,34,35,SANTA ANA,2,MUNICIPIO,EL PORVENIR,5,205,26.77778827,46,1,7,5,90,6,98,10,127,33,527,35,553,10,19,33,33,34
0,35,36,SANTA ANA,2,MUNICIPIO,SAN SEBASTIAN SALITRILLO,9,209,14.70560023,46,5,90,6,98,10,127,16,189,33,527,38,575,10,33,33,34,34
0,36,37,SANTA ANA,2,MUNICIPIO,CHALCHUAPA,3,203,46.7574269,46,0,0,0,0,6,98,8,102,14,162,34,533,6,10,33,33,33
0,37,38,SANTA ANA,2,MUNICIPIO,EL CONGO,4,204,46.01201537,46,0,0,0,0,6,91,32,519,33,527,38,575,13,33,33,34,37
0,38,39,SAN VICENTE,10,MUNICIPIO,APASTEPEQUE,1,1001,34.4167331,46,0,0,2,18,2,18,3,22,32,504,37,573,3,13,33,34,34
0,39,40,SAN VICENTE,10,MUNICIPIO,SAN SEBASTIAN,9,1009,38.22182066,46,0,0,2,18,2,18,22,389,26,422,44,683,2,26,27,33,44
0,40,41,SAN VICENTE,10,MUNICIPIO,VERAPAZ,13,1013,29.12354554,46,2,18,2,18,3,22,22,389,26,422,44,683,3,26,33,34,44
0,41,42,SAN VICENTE,10,MUNICIPIO,SANTO DOMINGO,5,1005,26.21871745,46,2,18,2,18,2,18,26,422,27,423,44,683,20,26,33,44,44
0,42,43,SAN VICENTE,10,MUNICIPIO,SAN LORENZO,8,1008,24.66112349,46,2,18,2,18,2,18,22,389,26,422,44,683,3,26,33,34,44
0,43,44,SAN VICENTE,10,MUNICIPIO,TEPETITAN,12,1012,20.36730347,46,2,18,2,18,3,22,20,360,26,422,44,683,3,26,33,34,43
0,44,45,SAN VICENTE,10,MUNICIPIO,SAN CAYETANO ISTEPEQUE,3,1003,13.32932975,46,2,18,2,18,3,22,19,340,30,486,44,683,3,26,34,34,42
0,45,46,SAN VICENTE,10,MUNICIPIO,GUADALUPE,2,1002,37.77558445,46,0,0,2,18,3,22,3,22,26,422,44,683,3,25,29,33,35
0,46,47,SAN VICENTE,10,MUNICIPIO,TECOLUCA,11,1011,36.25860547,46,0,0,1,4,3,22,5,43,23,405,34,539,3,5,28,33,34
0,47,48,SAN VICENTE,10,MUNICIPIO,SAN ILDEFONSO,7,1007,76.47669996,46,0,0,0,0,0,0,2,18,10,138,36,572,0,6,10,24,35
0,48,49,USULUTAN,11,MUNICIPIO,ESTANZUELAS,7,1107,69.70954597,46,0,0,0,0,0,0,9,134,10,138,35,566,6,9,11,30,35
0,49,50,USULUTAN,11,MUNICIPIO,SAN AGUSTIN,15,1115,67.14202009,46,0,0,0,0,0,0,3,25,9,104,34,546,3,5,10,26,33
0,50,51,USULUTAN,11,MUNICIPIO,BERLIN,2,1102,93.49657072,46,0,0,0,0,0,0,0,0,10,138,34,546,0,7,10,10,24
0,51,52,USULUTAN,11,MUNICIPIO,NUEVA GRANADA,12,1112,72.1990615,46,0,0,0,0,0,0,7,116,9,134,35,566,3,9,11,11,24
0,52,53,USULUTAN,11,MUNICIPIO,EL TRIUNFO,5,1105,60.96386263,46,0,0,0,0,0,0,7,116,9,134,35,566,5,9,11,11,24
0,53,54,USULUTAN,11,MUNICIPIO,SAN BUENA VENTURA,16,1116,49.94911511,46,0,0,0,0,4,61,8,123,10,142,35,566,7,9,11,11,28
0,54,55,USULUTAN,11,MUNICIPIO,SANTIAGO DE MARIA,21,1121,53.61240261,46,0,0,0,0,2,21,7,116,10,138,34,546,6,9,11,11,23
0,55,56,USULUTAN,11,MUNICIPIO,JUCUAPA,9,1109,52.80104525,46,0,0,0,0,5,77,7,116,10,142,35,566,7,9,11,11,24
0,56,57,USULUTAN,11,MUNICIPIO,ALEGRIA,1,1101,53.01477902,46,0,0,0,0,2,21,9,134,10,138,35,566,6,9,11,15,34
0,57,58,CHALATENANGO,4,MUNICIPIO,SAN FRANCISCO LEMPA,23,423,32.79900987,46,0,0,1,20,1,20,2,26,23,420,34,539,2,2,25,28,28
0,58,59,CHALATENANGO,4,MUNICIPIO,SAN ANTONIO DE LA CRUZ,20,420,43.67580726,46,0,0,1,20,1,20,2,26,2,26,33,510,1,2,4,22,28
0,59,60,CHALATENANGO,4,MUNICIPIO,NOMBRE DE JESUS,15,415,51.93068237,46,0,0,0,0,1,20,2,26,2,26,35,531,1,2,4,9,27
0,60,61,CHALATENANGO,4,MUNICIPIO,LAS FLORES,28,428,39.82720326,46,0,0,1,20,1,20,2,26,2,26,28,445,1,2,2,24,28
0,61,62,CHALATENANGO,4,MUNICIPIO,ARCATAO,2,402,69.01183359,46,0,0,0,0,0,0,1,20,2,26,27,444,1,1,2,2,5
0,62,63,CHALATENANGO,4,MUNICIPIO,COMALAPA,5,405,44.77116044,46,0,0,1,20,1,20,2,26,2,26,28,475,2,2,8,25,26
0,63,64,CHALATENANGO,4,MUNICIPIO,LA LAGUNA,11,411,51.6275628,46,0,0,0,0,1,20,2,26,2,26,26,427,1,2,2,19,26
0,64,65,CHALATENANGO,4,MUNICIPIO,EL CARRIZAL,9,409,63.41865569,46,0,0,0,0,0,0,2,26,2,26,26,427,1,2,2,2,21
0,65,66,CUSCATLAN,7,MUNICIPIO,SUCHITOTO,15,715,75.61886756,46,0,0,0,0,0,0,21,393,26,427,37,567,0,26,29,34,37
0,66,67,CUSCATLAN,7,MUNICIPIO,TENANCINGO,16,716,70.37424472,46,0,0,0,0,0,0,25,418,29,449,43,649,15,25,29,29,37
0,67,68,CUSCATLAN,7,MUNICIPIO,SAN JOSE GUAYABAL,9,709,53.60578037,46,0,0,0,0,14,272,24,401,31,492,38,575,23,28,37,37,38
0,68,69,CUSCATLAN,7,MUNICIPIO,ORATORIO DE CONCEPCION,6,706,52.01154156,46,0,0,0,0,14,261,26,419,29,449,38,575,23,26,37,37,37
0,69,70,CUSCATLAN,7,MUNICIPIO,SAN BARTOLOME PERULAPIA,7,707,39.18037415,46,0,0,13,252,23,400,26,419,31,488,44,657,25,27,37,37,38
0,70,71,CUSCATLAN,7,MUNICIPIO,SAN PEDRO PERULAPAN,10,710,44.44694968,46,0,0,1,8,23,400,26,419,28,429,45,691,25,27,37,37,38
0,71,72,CUSCATLAN,7,MUNICIPIO,SANTA CRUZ MICHAPA,14,714,49.95124186,46,0,0,0,0,20,380,25,418,27,423,45,691,25,27,36,37,44
0,72,73,CUSCATLAN,7,MUNICIPIO,MONTE SAN JUAN,5,705,55.75952256,46,0,0,0,0,2,18,25,418,27,423,44,683,21,27,28,37,43
0,73,74,CUSCATLAN,7,MUNICIPIO,EL ROSARIO,4,704,47.39906936,46,0,0,0,0,2,18,26,422,27,423,44,683,14,26,27,32,44
0,74,75,CUSCATLAN,7,MUNICIPIO,SAN RAFAEL CEDROS,11,711,34.72306835,46,0,0,2,18,2,18,26,422,27,423,44,683,22,27,30,44,44
0,75,76,CUSCATLAN,7,MUNICIPIO,COJUTEPEQUE,2,702,43.95017582,46,0,0,2,18,15,270,26,422,27,423,45,691,25,27,31,43,44
0,76,77,CUSCATLAN,7,MUNICIPIO,EL CARMEN,3,703,38.92721588,46,0,0,2,18,11,153,26,422,27,423,44,683,25,27,28,43,44
0,77,78,CUSCATLAN,7,MUNICIPIO,SAN CRISTOBAL,8,708,47.92765395,46,0,0,0,0,2,18,26,422,27,423,44,683,12,26,27,31,44
0,78,79,CUSCATLAN,7,MUNICIPIO,CANDELARIA,1,701,58.42907261,46,0,0,0,0,2,18,25,418,27,423,44,683,15,26,27,32,43
0,79,80,CUSCATLAN,7,MUNICIPIO,SAN RAMON,12,712,44.01358371,46,0,0,2,18,9,128,26,422,27,423,44,683,25,27,28,43,44
0,80,81,CUSCATLAN,7,MUNICIPIO,SANTA CRUZ ANALQUITO,13,713,58.27097105,46,0,0,0,0,2,18,26,422,27,423,44,683,12,26,27,28,43
0,81,82,LA PAZ,8,MUNICIPIO,SAN LUIS TALPA,13,813,57.2844576,46,0,0,0,0,1,4,24,404,27,423,39,588,21,27,29,38,38
0,82,83,LA PAZ,8,MUNICIPIO,OLOCUILTA,5,805,42.31468643,46,0,0,1,7,24,404,25,405,27,423,40,596,24,27,38,39,39
0,83,84,LA PAZ,8,MUNICIPIO,SAN JUAN TALPA,11,811,40.52622528,46,0,0,4,53,24,404,27,423,29,444,43,654,24,27,38,39,39
0,84,85,LA PAZ,8,MUNICIPIO,EL ROSARIO,2,802,36.82285596,46,0,0,1,4,2,11,26,422,29,444,44,683,25,27,29,38,39
0,85,86,LA PAZ,8,MUNICIPIO,SAN ANTONIO MASAHUAT,7,807,64.69058414,46,0,0,0,0,0,0,24,404,27,423,39,588,11,26,27,30,38
0,86,87,LA PAZ,8,MUNICIPIO,TAPALHUACA,20,820,57.94657777,46,0,0,0,0,2,11,24,404,27,423,39,588,24,27,29,38,39
0,87,88,LA PAZ,8,MUNICIPIO,CUYULTITAN,1,801,40.39607605,46,0,0,3,49,24,404,27,423,27,423,40,596,24,27,38,39,39
0,88,89,LA PAZ,8,MUNICIPIO,SAN FRANCISCO CHINAMECA,9,809,43.86200935,46,0,0,1,7,23,400,25,405,27,423,40,596,23,27,36,37,39
0,89,90,LA PAZ,8,MUNICIPIO,SAN JUAN TEPEZONTES,12,812,68.10119425,46,0,0,0,0,0,0,26,422,27,423,39,588,13,26,27,32,38
0,90,91,LA PAZ,8,MUNICIPIO,SANTIAGO NONUALCO,19,819,38.38206444,46,0,0,1,4,1,4,25,419,29,444,44,683,1,26,29,29,38
0,91,92,LA PAZ,8,MUNICIPIO,SAN PEDRO MASAHUAT,15,815,49.59566806,46,0,0,0,0,1,4,26,422,27,423,39,588,16,26,29,33,38
0,92,93,LA PAZ,8,MUNICIPIO,SAN JUAN NONUALCO,10,810,25.73295123,46,1,4,1,4,1,4,13,171,28,443,43,663,3,28,29,29,34
0,93,94,LA PAZ,8,MUNICIPIO,ZACATECOLUCA,21,821,29.32917512,46,1,4,1,4,1,4,3,22,28,443,34,539,3,7,28,29,34
0,94,95,LA PAZ,8,MUNICIPIO,SAN RAFAEL OBRAJUELO,17,817,15.7267082,46,1,4,1,4,3,22,26,422,29,444,44,683,6,28,29,29,43
0,95,96,LA PAZ,8,MUNICIPIO,SAN LUIS LA HERRADURA,22,822,62.19787771,46,0,0,0,0,0,0,1,4,26,422,29,444,1,4,26,29,29
0,96,97,LA PAZ,8,MUNICIPIO,SAN PEDRO NONUALCO,16,816,52.58101024,46,0,0,0,0,1,4,3,22,26,422,42,651,3,19,28,29,32
0,97,98,LA PAZ,8,MUNICIPIO,SANTA MARIA OSTUMA,18,818,52.18759037,46,0,0,0,0,2,18,10,114,26,422,44,683,3,26,27,29,34
0,98,99,LA PAZ,8,MUNICIPIO,PARAISO DE OSORIO,6,806,68.37483673,46,0,0,0,0,0,0,26,422,27,423,43,649,6,26,27,27,38
0,99,100,LA PAZ,8,MUNICIPIO,SAN EMIGDIO,8,808,61.19597213,46,0,0,0,0,0,0,26,422,27,423,43,649,21,27,27,36,38
0,100,101,LA PAZ,8,MUNICIPIO,SAN MIGUEL TEPEZONTES,14,814,55.63487238,46,0,0,0,0,1,7,26,422,27,423,39,588,23,27,27,36,39
0,101,102,LA PAZ,8,MUNICIPIO,JERUSALEN,3,803,40.65180003,46,0,0,2,18,2,18,26,422,27,423,44,683,12,26,27,34,44
0,102,103,LA PAZ,8,MUNICIPIO,MERCEDES LA CEIBA,4,804,40.93541158,46,0,0,2,18,3,22,21,384,26,422,44,683,3,26,29,33,43
0,103,104,CABANAS,9,MUNICIPIO,ILOBASCO,3,903,67.81182569,46,0,0,0,0,0,0,2,18,27,442,44,683,2,20,27,29,31
0,104,105,CABANAS,9,MUNICIPIO,SAN ISIDRO,5,905,80.88936505,46,0,0,0,0,0,0,2,18,21,400,36,565,0,3,27,29,36
0,105,106,CABANAS,9,MUNICIPIO,JUTIAPA,4,904,81.65691103,46,0,0,0,0,0,0,3,38,17,296,29,449,0,3,28,28,29
0,106,107,CABANAS,9,MUNICIPIO,TEJUTEPEQUE,7,907,74.29691018,46,0,0,0,0,0,0,2,18,27,442,42,637,1,16,28,29,29
0,107,108,CABANAS,9,MUNICIPIO,CINQUERA,1,901,97.08325704,46,0,0,0,0,0,0,0,0,27,444,36,555,0,16,28,29,29
0,108,109,CABANAS,9,MUNICIPIO,SENSUNTEPEQUE,6,906,93.60163243,46,0,0,0,0,0,0,0,0,2,27,35,564,0,1,4,14,32
0,109,110,CABANAS,9,MUNICIPIO,VICTORIA,8,908,105.5269584,46,0,0,0,0,0,0,0,0,1,20,31,506,0,0,1,4,4
0,110,111,CABANAS,9,MUNICIPIO,GUACOTECTI,2,902,86.50604766,46,0,0,0,0,0,0,1,20,3,38,36,565,0,3,23,35,35
0,111,112,SAN VICENTE,10,MUNICIPIO,SANTA CLARA,4,1004,49.44981148,46,0,0,0,0,2,18,3,22,17,308,35,559,2,3,33,33,35
0,112,113,SAN VICENTE,10,MUNICIPIO,SAN ESTEBAN CATARINA,6,1006,40.60167366,46,0,0,2,18,2,18,3,22,25,419,36,565,2,3,29,35,35
0,113,114,SAN VICENTE,10,MUNICIPIO,SAN VICENTE,10,1010,33.58188276,46,0,0,2,18,3,22,3,22,25,418,35,559,3,5,33,34,34
0,114,115,MORAZAN,13,MUNICIPIO,LOLOTIQUILLO,13,1313,59.61405843,46,0,0,0,0,1,3,5,95,5,95,10,142,5,5,8,8,8
0,115,116,MORAZAN,13,MUNICIPIO,CHILANGA,4,1304,66.51284505,46,0,0,0,0,0,0,5,95,5,95,10,142,4,5,7,8,8
0,116,117,MORAZAN,13,MUNICIPIO,GUATAJIAGUA,9,1309,64.11900443,46,0,0,0,0,0,0,5,95,6,111,10,142,4,5,8,8,10
0,117,118,MORAZAN,13,MUNICIPIO,SAN FRANCISCO GOTERA,19,1319,47.86457335,46,0,0,0,0,4,61,5,95,8,124,10,142,5,5,8,8,10
0,118,119,MORAZAN,13,MUNICIPIO,SENSEMBRA,22,1322,66.13494263,46,0,0,0,0,0,0,5,95,5,95,10,142,4,5,8,8,8
0,119,120,MORAZAN,13,MUNICIPIO,YAMABAL,25,1325,62.70125515,46,0,0,0,0,0,0,5,95,5,95,10,142,4,5,8,8,8
0,120,121,MORAZAN,13,MUNICIPIO,SAN CARLOS,17,1317,43.59947903,46,0,0,1,3,5,95,5,95,8,124,10,142,5,5,8,8,10
0,121,122,MORAZAN,13,MUNICIPIO,EL DIVISADERO,6,1306,32.17969113,46,0,0,4,61,5,95,5,95,8,124,11,146,5,8,8,10,10
0,122,123,MORAZAN,13,MUNICIPIO,JOCORO,12,1312,47.68607285,46,0,0,0,0,4,61,5,95,8,124,10,142,5,6,8,8,10
0,123,124,MORAZAN,13,MUNICIPIO,CORINTO,3,1303,98.47775556,46,0,0,0,0,0,0,0,0,5,95,8,124,0,4,5,6,7
0,124,125,LA UNION,14,MUNICIPIO,SAN ALEJO,14,1414,51.02912825,46,0,0,0,0,1,8,6,103,6,103,8,124,2,6,6,8,8
0,125,126,LA UNION,14,MUNICIPIO,PASAQUINA,12,1412,63.81793846,46,0,0,0,0,0,0,1,8,6,103,8,124,1,6,6,6,8
0,126,127,LA UNION,14,MUNICIPIO,SANTA ROSA DE LIMA,16,1416,69.08176767,46,0,0,0,0,0,0,6,103,6,103,8,124,4,6,7,8,8
0,127,128,LA UNION,14,MUNICIPIO,EL SAUCE,6,1406,86.84968798,46,0,0,0,0,0,0,2,11,6,103,8,124,0,6,6,6,8
0,128,129,LA UNION,14,MUNICIPIO,ANAMOROS,1,1401,102.6902457,46,0,0,0,0,0,0,0,0,6,103,8,124,0,1,6,6,6
0,129,130,LA UNION,14,MUNICIPIO,CONCHAGUA,4,1404,28.55635244,46,1,8,1,8,1,8,6,103,7,119,8,124,1,6,8,8,8
0,130,131,LA UNION,14,MUNICIPIO,INTIPUCA,7,1407,56.54780619,46,0,0,0,0,1,8,7,119,8,124,9,128,4,8,8,8,9
0,131,132,LA UNION,14,MUNICIPIO,NUEVA ESPARTA,11,1411,129.1802781,46,0,0,0,0,0,0,0,0,0,0,6,103,0,0,5,6,6
0,132,133,LA UNION,14,MUNICIPIO,LISLIQUE,9,1409,112.8259816,46,0,0,0,0,0,0,0,0,4,61,7,119,0,0,6,6,6
0,133,134,LA UNION,14,MUNICIPIO,POLOROS,13,1413,136.218449,46,0,0,0,0,0,0,0,0,0,0,6,103,0,0,0,5,6
0,134,135,LA UNION,14,MUNICIPIO,CONCEPCION DE ORIENTE,3,1403,123.7135447,46,0,0,0,0,0,0,0,0,0,0,6,103,0,0,5,6,6
0,135,136,LA UNION,14,MUNICIPIO,YUCUAIQUIN,18,1418,61.15341951,46,0,0,0,0,0,0,5,95,6,103,10,142,5,6,8,8,8
0,136,137,LA UNION,14,MUNICIPIO,BOLIVAR,2,1402,69.65266568,46,0,0,0,0,0,0,6,103,6,103,8,124,4,6,6,8,8
0,137,138,LA UNION,14,MUNICIPIO,SAN JOSE,15,1415,74.1467718,46,0,0,0,0,0,0,6,103,6,103,8,124,1,6,6,8,8
0,138,139,LA UNION,14,MUNICIPIO,YAYANTIQUE,17,1417,55.64005824,46,0,0,0,0,4,92,6,103,7,119,10,142,6,6,8,8,8
0,139,140,LA UNION,14,MUNICIPIO,EL CARMEN,5,1405,44.1877431,46,0,0,1,8,4,79,6,103,7,119,10,142,6,6,8,8,8
0,140,141,LA UNION,14,MUNICIPIO,LA UNION,8,1408,38.83964964,46,0,0,1,8,1,8,6,103,7,119,8,124,1,6,8,8,8
0,141,142,LA UNION,14,MUNICIPIO,MEANGUERA DEL GOLFO,10,1410,188.5381059,46,0,0,0,0,0,0,0,0,0,0,0,0,0,0,0,0,0
0,142,143,USULUTAN,11,MUNICIPIO,JIQUILISCO,8,1108,64.87367916,46,0,0,0,0,0,0,3,25,5,43,34,546,3,5,10,26,33
0,143,144,USULUTAN,11,MUNICIPIO,SANTA ELENA,18,1118,26.49396181,46,1,16,2,21,2,21,7,116,10,138,30,513,4,8,11,11,11
0,144,145,USULUTAN,11,MUNICIPIO,SAN FRANCISCO JAVIER,19,1119,49.80070166,46,0,0,0,0,2,21,3,25,10,138,34,546,3,6,10,26,34
0,145,146,USULUTAN,11,MUNICIPIO,TECAPAN,22,1122,36.03467189,46,0,0,2,21,2,21,7,116,10,138,34,546,3,10,10,11,15
0,146,147,USULUTAN,11,MUNICIPIO,CALIFORNIA,3,1103,45.81681188,46,0,0,0,0,2,21,6,82,10,138,26,430,2,7,10,11,11
0,147,148,USULUTAN,11,MUNICIPIO,OZATLAN,13,1113,32.57322375,46,0,0,2,21,2,21,5,68,10,138,34,546,2,8,10,11,30
0,148,149,USULUTAN,11,MUNICIPIO,SANTA MARIA,20,1120,10.73673106,46,2,21,2,21,2,21,8,120,10,138,34,546,7,8,11,11,26
0,149,150,USULUTAN,11,MUNICIPIO,EREGUAYQUIN,6,1106,20.89034696,46,2,21,2,21,2,21,7,116,8,120,30,513,7,8,11,11,11
0,150,151,USULUTAN,11,MUNICIPIO,USULUTAN,23,1123,29.92594879,46,1,16,2,21,2,21,3,42,8,120,33,543,2,8,10,11,11
0,151,152,USULUTAN,11,MUNICIPIO,CONCEPCION BATRES,4,1104,35.88504766,46,0,0,2,21,2,21,7,116,8,120,11,146,2,7,9,11,11
0,152,153,USULUTAN,11,MUNICIPIO,SAN DIONISIO,17,1117,22.18374979,46,2,21,2,21,2,21,5,79,8,120,30,513,2,8,10,11,11
0,153,154,USULUTAN,11,MUNICIPIO,PUERTO EL TRIUNFO,14,1114,102.9401843,46,0,0,0,0,0,0,0,0,2,21,10,138,0,2,3,5,7
0,154,155,USULUTAN,11,MUNICIPIO,JUCUARAN,10,1110,75.07593547,46,0,0,0,0,0,0,2,21,7,116,11,146,0,7,8,9,9
0,155,156,SAN MIGUEL,12,MUNICIPIO,SESORI,19,1219,95.92173491,46,0,0,0,0,0,0,0,0,7,116,12,166,0,4,9,9,10
0,156,157,SAN MIGUEL,12,MUNICIPIO,NUEVO EDEN DE SAN JUAN,11,1211,124.5458106,46,0,0,0,0,0,0,0,0,0,0,25,416,0,0,6,10,11
0,157,158,CABANAS,9,MUNICIPIO,DOLORES,9,909,108.6308777,46,0,0,0,0,0,0,0,0,3,38,35,564,0,0,7,12,30
0,158,159,SAN MIGUEL,12,MUNICIPIO,SAN GERARDO,14,1214,118.8770477,46,0,0,0,0,0,0,0,0,2,43,12,164,0,0,7,10,10
0,159,160,SAN MIGUEL,12,MUNICIPIO,SAN LUIS DE LA REINA,16,1216,109.711668,46,0,0,0,0,0,0,0,0,4,61,11,162,0,0,5,10,10
0,160,161,SAN MIGUEL,12,MUNICIPIO,CAROLINA,1,1201,113.7063182,46,0,0,0,0,0,0,0,0,4,61,11,162,0,0,5,5,7
0,161,162,SAN MIGUEL,12,MUNICIPIO,SAN ANTONIO,13,1213,115.7721559,46,0,0,0,0,0,0,0,0,4,61,9,131,0,0,5,5,6
0,162,163,SAN MIGUEL,12,MUNICIPIO,CIUDAD BARRIOS,2,1202,83.69399873,46,0,0,0,0,0,0,4,61,5,95,11,162,0,5,7,10,11
0,163,164,SAN MIGUEL,12,MUNICIPIO,CHAPELTIQUE,4,1204,53.79820415,46,0,0,0,0,4,61,5,95,8,124,11,146,5,6,8,10,10
0,164,165,SAN MIGUEL,12,MUNICIPIO,LOLOTIQUE,8,1208,48.14539286,46,0,0,0,0,4,61,7,116,10,142,28,484,5,8,10,11,11
0,165,166,SAN MIGUEL,12,MUNICIPIO,MONCAGUA,9,1209,34.17518703,46,0,0,4,61,5,95,7,116,10,142,11,146,5,8,10,10,11
0,166,167,SAN MIGUEL,12,MUNICIPIO,NUEVA GUADALUPE,10,1210,31.17134644,46,0,0,5,95,5,95,7,116,10,142,35,566,7,10,11,11,24
0,167,168,SAN MIGUEL,12,MUNICIPIO,CHINAMECA,5,1205,45.39704347,46,0,0,0,0,7,116,7,116,10,142,28,484,7,7,11,11,11
0,168,169,SAN MIGUEL,12,MUNICIPIO,SAN JORGE,15,1215,38.34308856,46,0,0,2,21,6,82,7,116,9,128,11,146,7,7,11,11,11
0,169,170,SAN MIGUEL,12,MUNICIPIO,QUELEPA,12,1212,17.27442163,46,4,61,5,95,5,95,8,124,10,142,21,295,7,8,10,11,11
0,170,171,SAN MIGUEL,12,MUNICIPIO,SAN MIGUEL,17,1217,33.49351034,46,0,0,5,95,5,95,8,124,8,124,11,146,5,8,8,10,11
0,171,172,SAN MIGUEL,12,MUNICIPIO,SAN RAFAEL ORIENTE,18,1218,35.27498687,46,0,0,2,21,2,21,7,116,8,120,11,146,7,7,11,11,11
0,172,173,SAN MIGUEL,12,MUNICIPIO,EL TRANSITO,7,1207,35.69270548,46,0,0,2,21,2,21,7,116,9,128,11,146,7,7,9,11,11
0,173,174,SAN MIGUEL,12,MUNICIPIO,CHIRILAGUA,6,1206,60.28221339,46,0,0,0,0,0,0,8,124,8,124,11,146,5,8,8,8,9
0,174,175,SAN MIGUEL,12,MUNICIPIO,ULUAZAPA,20,1220,46.43359084,46,0,0,0,0,5,95,6,103,8,124,10,142,5,6,8,8,10
0,175,176,SAN MIGUEL,12,MUNICIPIO,COMACARAN,3,1203,33.29428801,46,0,0,4,61,5,95,5,95,8,124,11,146,5,7,8,10,10
0,176,177,MORAZAN,13,MUNICIPIO,SOCIEDAD,23,1323,66.84642091,46,0,0,0,0,0,0,5,95,6,103,9,131,4,5,7,8,8
0,177,178,MORAZAN,13,MUNICIPIO,CACAOPERA,2,1302,85.53235188,46,0,0,0,0,0,0,3,40,5,95,8,124,0,5,5,6,8
0,178,179,MORAZAN,13,MUNICIPIO,SAN FERNANDO,18,1318,113.569497,46,0,0,0,0,0,0,0,0,4,61,7,119,0,0,5,5,5
0,179,180,MORAZAN,13,MUNICIPIO,ARAMBALA,1,1301,107.2483625,46,0,0,0,0,0,0,0,0,4,61,8,124,0,0,5,5,5
0,180,181,MORAZAN,13,MUNICIPIO,PERQUIN,16,1316,95.12728068,46,0,0,0,0,0,0,0,0,5,95,8,124,0,4,5,5,7
0,181,182,MORAZAN,13,MUNICIPIO,JOCOAITIQUE,11,1311,80.56352476,46,0,0,0,0,0,0,4,61,5,95,8,124,0,5,5,7,8
0,182,183,MORAZAN,13,MUNICIPIO,TOROLA,24,1324,111.5100101,46,0,0,0,0,0,0,0,0,4,61,7,119,0,0,5,5,5
0,183,184,MORAZAN,13,MUNICIPIO,SAN ISIDRO,20,1320,92.68816214,46,0,0,0,0,0,0,0,0,5,95,11,162,0,4,5,5,8
0,184,185,MORAZAN,13,MUNICIPIO,EL ROSARIO,7,1307,86.63217256,46,0,0,0,0,0,0,1,3,5,95,8,124,0,5,5,6,8
0,185,186,MORAZAN,13,MUNICIPIO,MEANGUERA,14,1314,88.77265793,46,0,0,0,0,0,0,1,3,5,95,8,124,0,5,5,5,8
0,186,187,MORAZAN,13,MUNICIPIO,JOATECA,10,1310,103.1196361,46,0,0,0,0,0,0,0,0,5,95,8,124,0,1,5,5,5
0,187,188,MORAZAN,13,MUNICIPIO,SAN SIMON,21,1321,87.60957966,46,0,0,0,0,0,0,4,61,5,95,11,162,0,5,5,8,10
0,188,189,MORAZAN,13,MUNICIPIO,GUALOCOCTI,8,1308,80.55314021,46,0,0,0,0,0,0,4,61,5,95,11,162,0,5,5,7,8
0,189,190,MORAZAN,13,MUNICIPIO,DELICIAS DE CONCEPCION,5,1305,65.68570039,46,0,0,0,0,0,0,5,95,5,95,10,142,4,5,7,8,8
0,190,191,MORAZAN,13,MUNICIPIO,YOLOAIQUIN,26,1326,61.976793,46,0,0,0,0,0,0,5,95,5,95,10,142,4,5,8,8,8
0,191,192,USULUTAN,11,MUNICIPIO,MERCEDES UMANA,11,1111,63.53093781,46,0,0,0,0,0,0,9,134,10,138,35,566,8,9,11,30,35
0,192,193,MORAZAN,13,MUNICIPIO,OSICALA,15,1315,68.14493871,46,0,0,0,0,0,0,5,95,5,95,11,162,4,5,7,8,8
0,193,194,SONSONATE,3,MUNICIPIO,SANTA ISABEL ISHUATAN,5,305,58.14077837,46,0,0,0,0,2,25,3,28,25,348,34,531,3,4,33,33,33
0,194,195,SONSONATE,3,MUNICIPIO,CUISNAHUAT,4,304,58.57315439,46,0,0,0,0,2,25,3,28,19,255,33,527,3,4,33,33,33
0,195,196,SONSONATE,3,MUNICIPIO,ACAJUTLA,1,301,38.42252714,46,0,0,3,28,3,28,8,90,29,443,33,527,3,9,33,33,33
0,196,197,SONSONATE,3,MUNICIPIO,NAHULINGO,9,309,23.79737009,46,3,28,3,28,3,28,9,126,33,527,34,531,7,31,33,33,33
0,197,198,SONSONATE,3,MUNICIPIO,CALUCO,3,303,28.3723444,46,2,16,3,28,3,28,26,368,33,527,37,555,5,33,33,33,33
0,198,199,SONSONATE,3,MUNICIPIO,SAN ANTONIO DEL MONTE,11,311,15.83553223,46,3,28,3,28,3,28,16,189,33,527,37,555,9,33,33,33,33
0,199,200,SONSONATE,3,MUNICIPIO,SONSONATE,15,315,40.54459661,46,0,0,3,28,3,28,4,35,27,406,33,527,3,9,33,33,33
0,200,201,SONSONATE,3,MUNICIPIO,SAN JULIAN,12,312,40.136008,46,0,0,3,28,3,28,32,519,33,527,38,575,11,33,33,33,37
0,201,202,SONSONATE,3,MUNICIPIO,ARMENIA,2,302,46.37542732,46,0,0,0,0,10,91,32,519,33,527,38,575,32,33,33,37,38
0,202,203,SONSONATE,3,MUNICIPIO,IZALCO,6,306,26.44372509,46,3,28,3,28,3,28,33,527,33,527,38,575,15,33,33,33,37
0,203,204,SONSONATE,3,MUNICIPIO,SANTA CATARINA MASAHUAT,13,313,27.3164184,46,2,25,3,28,4,36,9,126,33,527,33,527,9,19,33,33,33
0,204,205,SONSONATE,3,MUNICIPIO,SALCOATITAN,10,310,23.71174244,46,3,28,4,36,9,126,10,127,33,527,35,537,9,29,33,33,33
0,205,206,SONSONATE,3,MUNICIPIO,NAHUIZALCO,8,308,20.58079746,46,3,28,3,28,9,126,15,165,33,527,37,555,9,33,33,33,33
0,206,207,SONSONATE,3,MUNICIPIO,JUAYUA,7,307,30.43238777,46,0,0,8,90,9,126,10,127,33,527,34,533,9,19,33,33,33
0,207,208,SONSONATE,3,MUNICIPIO,SONZACATE,16,316,7.03635593,46,3,28,4,35,8,118,33,527,33,527,37,555,14,33,33,33,37
0,208,209,SAN SALVADOR,6,MUNICIPIO,ROSARIO DE MORA,11,611,38.02237311,46,0,0,15,259,23,400,25,405,31,487,40,596,23,25,36,37,40
0,209,210,SAN SALVADOR,6,MUNICIPIO,PANCHIMALCO,10,610,33.17738982,46,0,0,19,367,23,400,25,405,35,541,40,596,23,27,36,37,40
0,210,211,SAN SALVADOR,6,MUNICIPIO,SAN MARCOS,12,612,6.467457987,46,23,400,23,400,24,401,33,498,37,567,42,639,25,36,38,40,40
0,211,212,SAN SALVADOR,6,MUNICIPIO,SANTO TOMAS,16,616,17.99802124,46,19,367,23,400,23,400,27,423,36,547,40,596,25,36,37,40,40
0,212,213,SAN SALVADOR,6,MUNICIPIO,SANTIAGO TEXACUANGOS,15,615,27.20548646,46,1,7,23,400,23,400,27,423,36,547,40,596,25,27,37,39,40
0,213,214,SAN SALVADOR,6,MUNICIPIO,ILOPANGO,7,607,23.25980462,46,13,252,23,400,23,400,27,423,37,567,44,657,26,31,37,38,40
0,214,215,SAN SALVADOR,6,MUNICIPIO,CUSCATANCINGO,4,604,9.667855411,46,23,400,24,401,24,401,34,522,37,567,40,567,24,37,38,38,40
0,215,216,SAN SALVADOR,6,MUNICIPIO,SOYAPANGO,17,617,16.53799337,46,20,375,23,400,24,401,27,423,37,567,44,657,24,36,37,38,40
0,216,217,SAN SALVADOR,6,MUNICIPIO,SAN SALVADOR,14,614,11.09140483,46,23,400,23,400,24,401,35,541,37,567,40,596,24,36,38,38,40
0,217,218,SAN SALVADOR,6,MUNICIPIO,MEJICANOS,8,608,9.591989588,46,23,400,24,401,24,401,36,547,37,567,40,596,24,37,38,38,38
0,218,219,SAN SALVADOR,6,MUNICIPIO,AYUTUXTEPEQUE,3,603,10.03347351,46,23,400,24,401,24,401,35,535,37,567,40,596,24,37,38,38,40
0,219,220,SAN SALVADOR,6,MUNICIPIO,DELGADO,19,619,13.70262571,46,22,397,23,400,24,401,33,519,37,567,40,596,24,37,38,38,38
0,220,221,SAN SALVADOR,6,MUNICIPIO,SAN MARTIN,13,613,31.30091489,46,0,0,19,367,23,400,26,419,37,567,45,691,26,28,37,37,38
0,221,222,SAN SALVADOR,6,MUNICIPIO,TONACATEPEQUE,18,618,34.21962005,46,0,0,18,362,23,400,27,425,37,567,38,575,24,29,37,38,38
0,222,223,SAN SALVADOR,6,MUNICIPIO,APOPA,2,602,25.12398955,46,13,265,24,401,24,401,30,497,37,567,40,596,24,37,38,38,38
0,223,224,SAN SALVADOR,6,MUNICIPIO,NEJAPA,9,609,36.01107255,46,0,0,20,368,24,401,30,497,37,567,38,575,24,34,38,38,38
0,224,225,SAN SALVADOR,6,MUNICIPIO,GUAZAPA,6,606,44.1415183,46,0,0,3,77,23,400,26,427,35,551,38,575,25,31,37,38,38
0,225,226,SAN SALVADOR,6,MUNICIPIO,AGUILARES,1,601,52.19295215,46,0,0,0,0,14,271,26,427,31,517,38,575,26,27,37,37,38
0,226,227,SAN SALVADOR,6,MUNICIPIO,EL PAISNAL,5,605,54.71851258,46,0,0,0,0,1,6,26,427,30,510,38,575,11,26,31,37,38
0,227,228,AHUACHAPAN,1,MUNICIPIO,SAN PEDRO PUXTLA,10,110,33.99485821,46,0,0,4,36,4,36,9,126,33,527,33,527,8,13,33,33,33
0,228,229,AHUACHAPAN,1,MUNICIPIO,JUJUTLA,7,107,66.46743889,46,0,0,0,0,0,0,4,36,9,126,33,527,3,4,9,32,33
0,229,230,AHUACHAPAN,1,MUNICIPIO,APANECA,2,102,29.31072324,46,1,8,4,36,5,43,9,126,31,460,33,527,9,10,33,33,33
0,230,231,AHUACHAPAN,1,MUNICIPIO,CONCEPCION DE ATACO,4,104,25.06358807,46,1,8,1,8,4,36,9,126,12,138,33,527,9,9,33,33,33
0,231,232,AHUACHAPAN,1,MUNICIPIO,SAN FRANCISCO MENENDEZ,8,108,90.35276383,46,0,0,0,0,0,0,0,0,4,36,33,527,0,4,5,9,16
0,232,233,AHUACHAPAN,1,MUNICIPIO,TACUBA,11,111,48.49522704,46,0,0,0,0,1,8,2,15,9,126,33,527,1,9,10,10,18
0,233,234,AHUACHAPAN,1,MUNICIPIO,TURIN,12,112,18.27072093,46,1,8,6,98,8,123,10,127,29,443,34,533,9,10,33,33,33
0,234,235,AHUACHAPAN,1,MUNICIPIO,EL REFUGIO,5,105,31.23441735,46,0,0,6,98,6,98,10,127,33,527,34,533,10,15,33,33,34
0,235,236,AHUACHAPAN,1,MUNICIPIO,ATIQUIZAYA,3,103,27.60712663,46,1,8,6,98,6,98,10,127,33,527,34,533,9,11,33,33,33
0,236,237,AHUACHAPAN,1,MUNICIPIO,AHUACHAPAN,1,101,21.8633011,46,1,8,1,8,2,15,9,126,10,127,33,527,8,10,16,33,33
0,237,238,AHUACHAPAN,1,MUNICIPIO,SAN LORENZO,9,109,42.49836731,46,0,0,1,8,6,98,9,126,10,127,33,527,6,10,27,33,33
0,238,241,LA LIBERTAD,5,MUNICIPIO,LA LIBERTAD,9,509,52.08368775,46,0,0,0,0,11,139,25,405,27,423,40,596,23,25,35,36,39
0,239,242,LA LIBERTAD,5,MUNICIPIO,JICALAPA,8,508,79.61874334,46,0,0,0,0,0,0,12,156,27,429,37,555,0,27,33,34,36
0,240,243,LA LIBERTAD,5,MUNICIPIO,ZARAGOZA,22,522,17.90848613,46,10,142,23,400,24,401,28,465,36,547,40,596,24,33,38,38,38
0,241,244,LA LIBERTAD,5,MUNICIPIO,SAN JOSE VILLANUEVA,14,514,32.62016686,46,0,0,12,187,23,400,24,401,33,523,40,596,24,29,36,38,38
0,242,245,LA LIBERTAD,5,MUNICIPIO,HUIZUCAR,6,506,34.24900594,46,0,0,21,333,23,400,24,401,35,541,40,596,24,28,36,38,38
0,243,246,LA LIBERTAD,5,MUNICIPIO,TAMANIQUE,18,518,56.53667728,46,0,0,0,0,1,3,24,401,28,433,38,575,23,27,33,35,37
0,244,247,LA LIBERTAD,5,MUNICIPIO,CHILTIUPAN,5,505,64.99414649,46,0,0,0,0,0,0,23,400,28,433,38,575,9,27,33,35,37
0,245,248,LA LIBERTAD,5,MUNICIPIO,NUEVO CUSCATLAN,10,510,6.877047645,46,23,400,24,401,24,401,33,523,37,567,40,596,24,36,38,38,38
0,246,249,LA LIBERTAD,5,MUNICIPIO,TEOTEPEQUE,20,520,67.60428955,46,0,0,0,0,0,0,3,28,33,527,34,531,3,12,33,34,34
0,247,250,LA LIBERTAD,5,MUNICIPIO,COMASAGUA,4,504,47.24705367,46,0,0,0,0,15,221,24,401,32,519,38,575,23,27,33,36,38
0,248,251,LA LIBERTAD,5,MUNICIPIO,ANTIGUO CUSCATLAN,1,501,5.596563369,46,23,400,24,401,24,401,34,530,38,575,40,596,27,36,38,38,40
0,249,252,LA LIBERTAD,5,MUNICIPIO,TALNIQUE,19,519,36.51345418,46,0,0,8,105,24,401,27,429,32,519,38,575,25,32,37,37,38
0,250,253,LA LIBERTAD,5,MUNICIPIO,JAYAQUE,7,507,46.62655911,46,0,0,0,0,22,334,28,465,32,519,38,575,27,32,34,37,38
0,251,254,LA LIBERTAD,5,MUNICIPIO,TEPECOYO,21,521,56.18147394,46,0,0,0,0,8,55,31,507,33,527,38,575,27,32,33,37,37
0,252,255,LA LIBERTAD,5,MUNICIPIO,SANTA TECLA,11,511,15.33449418,46,23,400,24,401,24,401,32,519,36,547,40,596,24,35,38,38,38
0,253,256,LA LIBERTAD,5,MUNICIPIO,COLON,3,503,29.64323567,46,2,4,24,401,24,401,32,519,37,555,38,575,32,32,37,38,38
0,254,257,LA LIBERTAD,5,MUNICIPIO,SACACOYO,13,513,35.91177368,46,0,0,6,39,27,429,32,519,33,527,38,575,32,33,37,38,38
0,255,258,LA LIBERTAD,5,MUNICIPIO,CIUDAD ARCE,2,502,21.78223323,46,1,1,1,1,22,332,32,519,33,527,38,575,29,33,35,38,38
0,256,259,LA LIBERTAD,5,MUNICIPIO,QUEZALTEPEQUE,12,512,47.72086333,46,0,0,0,0,23,398,29,491,34,545,38,575,24,33,38,38,38
0,257,260,LA LIBERTAD,5,MUNICIPIO,SAN MATIAS,16,516,46.94630867,46,0,0,0,0,20,368,29,491,35,553,38,575,24,33,38,38,38
0,258,261,LA LIBERTAD,5,MUNICIPIO,SAN JUAN OPICO,15,515,36.78587767,46,0,0,1,1,5,36,29,491,34,533,38,575,29,33,35,38,38
0,259,262,LA LIBERTAD,5,MUNICIPIO,SAN PABLO TACACHICO,17,517,70.34555857,46,0,0,0,0,0,0,24,397,31,517,38,575,1,31,35,35,38
0,260,270,AHUACHAPAN,1,MUNICIPIO,GUAYMANGO,6,106,47.34986177,46,0,0,0,0,4,36,5,43,15,165,33,527,4,9,33,33,33
0,261,271,SONSONATE,3,MUNICIPIO,SANTO DOMINGO DE GUZMAN,14,314,29.12449886,46,1,12,3,28,3,28,9,126,33,527,33,527,4,16,33,33,33